2026-03-19 17:44:33,209 INFO django.utils.autoreload Watching for file changes with StatReloader
2026-03-19 17:44:44,325 WARNING django.request Unauthorized: /api/accounts/dashboard/
2026-03-19 17:44:44,332 WARNING django.request Unauthorized: /api/accounts/dashboard/
2026-03-19 17:44:49,334 WARNING django.request Unauthorized: /api/auth/token/
2026-03-19 17:44:57,968 WARNING django.request Unauthorized: /api/auth/token/
2026-03-19 17:51:11,518 ERROR sync Error syncing purchase 1: Account mapping not configured for key: PURCHASES
Traceback (most recent call last):
  File "/home/sahee/biloop/accounting/backend/sync/services.py", line 48, in sync_purchases
    entry = self.journal_service.generate_purchase(po.id)
            ^^^^^^^^^^^^^^^^^^^^^^^^^^^^^^^^^^^^^^^^^^^^^
  File "/usr/lib/python3.12/contextlib.py", line 81, in inner
    return func(*args, **kwds)
           ^^^^^^^^^^^^^^^^^^^
  File "/home/sahee/biloop/accounting/backend/journals/services.py", line 94, in generate_purchase
    JournalEntryLine.objects.create(entry=entry, account=self._acct('PURCHASES'), debit=total_purchases)
                                                         ^^^^^^^^^^^^^^^^^^^^^^^
  File "/home/sahee/biloop/accounting/backend/journals/services.py", line 29, in _acct
    raise ValueError(f"Account mapping not configured for key: {key}")
ValueError: Account mapping not configured for key: PURCHASES
2026-03-19 17:51:11,543 ERROR sync Error syncing pos 1: Account mapping not configured for key: CASH
Traceback (most recent call last):
  File "/home/sahee/biloop/accounting/backend/sync/services.py", line 71, in sync_pos
    entry = self.journal_service.generate_pos_sale(pos.id)
            ^^^^^^^^^^^^^^^^^^^^^^^^^^^^^^^^^^^^^^^^^^^^^^
  File "/usr/lib/python3.12/contextlib.py", line 81, in inner
    return func(*args, **kwds)
           ^^^^^^^^^^^^^^^^^^^
  File "/home/sahee/biloop/accounting/backend/journals/services.py", line 160, in generate_pos_sale
    debit_ac = self._acct('CASH')
               ^^^^^^^^^^^^^^^^^^
  File "/home/sahee/biloop/accounting/backend/journals/services.py", line 29, in _acct
    raise ValueError(f"Account mapping not configured for key: {key}")
ValueError: Account mapping not configured for key: CASH
2026-03-19 17:51:11,555 ERROR sync Error syncing pos 2: Account mapping not configured for key: CASH
Traceback (most recent call last):
  File "/home/sahee/biloop/accounting/backend/sync/services.py", line 71, in sync_pos
    entry = self.journal_service.generate_pos_sale(pos.id)
            ^^^^^^^^^^^^^^^^^^^^^^^^^^^^^^^^^^^^^^^^^^^^^^
  File "/usr/lib/python3.12/contextlib.py", line 81, in inner
    return func(*args, **kwds)
           ^^^^^^^^^^^^^^^^^^^
  File "/home/sahee/biloop/accounting/backend/journals/services.py", line 160, in generate_pos_sale
    debit_ac = self._acct('CASH')
               ^^^^^^^^^^^^^^^^^^
  File "/home/sahee/biloop/accounting/backend/journals/services.py", line 29, in _acct
    raise ValueError(f"Account mapping not configured for key: {key}")
ValueError: Account mapping not configured for key: CASH
2026-03-19 17:51:11,568 ERROR sync Error syncing pos 3: Account mapping not configured for key: CASH
Traceback (most recent call last):
  File "/home/sahee/biloop/accounting/backend/sync/services.py", line 71, in sync_pos
    entry = self.journal_service.generate_pos_sale(pos.id)
            ^^^^^^^^^^^^^^^^^^^^^^^^^^^^^^^^^^^^^^^^^^^^^^
  File "/usr/lib/python3.12/contextlib.py", line 81, in inner
    return func(*args, **kwds)
           ^^^^^^^^^^^^^^^^^^^
  File "/home/sahee/biloop/accounting/backend/journals/services.py", line 160, in generate_pos_sale
    debit_ac = self._acct('CASH')
               ^^^^^^^^^^^^^^^^^^
  File "/home/sahee/biloop/accounting/backend/journals/services.py", line 29, in _acct
    raise ValueError(f"Account mapping not configured for key: {key}")
ValueError: Account mapping not configured for key: CASH
2026-03-19 17:51:11,583 ERROR sync Error syncing pos 4: Account mapping not configured for key: CASH
Traceback (most recent call last):
  File "/home/sahee/biloop/accounting/backend/sync/services.py", line 71, in sync_pos
    entry = self.journal_service.generate_pos_sale(pos.id)
            ^^^^^^^^^^^^^^^^^^^^^^^^^^^^^^^^^^^^^^^^^^^^^^
  File "/usr/lib/python3.12/contextlib.py", line 81, in inner
    return func(*args, **kwds)
           ^^^^^^^^^^^^^^^^^^^
  File "/home/sahee/biloop/accounting/backend/journals/services.py", line 160, in generate_pos_sale
    debit_ac = self._acct('CASH')
               ^^^^^^^^^^^^^^^^^^
  File "/home/sahee/biloop/accounting/backend/journals/services.py", line 29, in _acct
    raise ValueError(f"Account mapping not configured for key: {key}")
ValueError: Account mapping not configured for key: CASH
2026-03-19 17:51:11,597 ERROR sync Error syncing pos 5: Account mapping not configured for key: CASH
Traceback (most recent call last):
  File "/home/sahee/biloop/accounting/backend/sync/services.py", line 71, in sync_pos
    entry = self.journal_service.generate_pos_sale(pos.id)
            ^^^^^^^^^^^^^^^^^^^^^^^^^^^^^^^^^^^^^^^^^^^^^^
  File "/usr/lib/python3.12/contextlib.py", line 81, in inner
    return func(*args, **kwds)
           ^^^^^^^^^^^^^^^^^^^
  File "/home/sahee/biloop/accounting/backend/journals/services.py", line 160, in generate_pos_sale
    debit_ac = self._acct('CASH')
               ^^^^^^^^^^^^^^^^^^
  File "/home/sahee/biloop/accounting/backend/journals/services.py", line 29, in _acct
    raise ValueError(f"Account mapping not configured for key: {key}")
ValueError: Account mapping not configured for key: CASH
2026-03-19 17:51:11,621 ERROR sync Error syncing b2b 1: Account mapping not configured for key: TRADE_RECEIVABLES
Traceback (most recent call last):
  File "/home/sahee/biloop/accounting/backend/sync/services.py", line 94, in sync_b2b
    entry = self.journal_service.generate_b2b_sale(order.id)
            ^^^^^^^^^^^^^^^^^^^^^^^^^^^^^^^^^^^^^^^^^^^^^^^^
  File "/usr/lib/python3.12/contextlib.py", line 81, in inner
    return func(*args, **kwds)
           ^^^^^^^^^^^^^^^^^^^
  File "/home/sahee/biloop/accounting/backend/journals/services.py", line 232, in generate_b2b_sale
    account=self._acct('TRADE_RECEIVABLES'),
            ^^^^^^^^^^^^^^^^^^^^^^^^^^^^^^^
  File "/home/sahee/biloop/accounting/backend/journals/services.py", line 29, in _acct
    raise ValueError(f"Account mapping not configured for key: {key}")
ValueError: Account mapping not configured for key: TRADE_RECEIVABLES
2026-03-19 17:51:11,652 ERROR django.request Internal Server Error: /api/sync/run/
Traceback (most recent call last):
  File "/home/sahee/biloop/accounting/backend/.venv/lib/python3.12/site-packages/django/db/backends/utils.py", line 105, in _execute
    return self.cursor.execute(sql, params)
           ^^^^^^^^^^^^^^^^^^^^^^^^^^^^^^^^
  File "/home/sahee/biloop/accounting/backend/.venv/lib/python3.12/site-packages/django/db/backends/sqlite3/base.py", line 359, in execute
    return super().execute(query, params)
           ^^^^^^^^^^^^^^^^^^^^^^^^^^^^^^
sqlite3.OperationalError: no such column: sales_return_salesreturn.original_invoice_no

The above exception was the direct cause of the following exception:

Traceback (most recent call last):
  File "/home/sahee/biloop/accounting/backend/.venv/lib/python3.12/site-packages/django/core/handlers/exception.py", line 55, in inner
    response = get_response(request)
               ^^^^^^^^^^^^^^^^^^^^^
  File "/home/sahee/biloop/accounting/backend/.venv/lib/python3.12/site-packages/django/core/handlers/base.py", line 198, in _get_response
    response = wrapped_callback(request, *callback_args, **callback_kwargs)
               ^^^^^^^^^^^^^^^^^^^^^^^^^^^^^^^^^^^^^^^^^^^^^^^^^^^^^^^^^^^^
  File "/home/sahee/biloop/accounting/backend/.venv/lib/python3.12/site-packages/django/views/decorators/csrf.py", line 65, in _view_wrapper
    return view_func(request, *args, **kwargs)
           ^^^^^^^^^^^^^^^^^^^^^^^^^^^^^^^^^^^
  File "/home/sahee/biloop/accounting/backend/.venv/lib/python3.12/site-packages/django/views/generic/base.py", line 106, in view
    return self.dispatch(request, *args, **kwargs)
           ^^^^^^^^^^^^^^^^^^^^^^^^^^^^^^^^^^^^^^^
  File "/home/sahee/biloop/accounting/backend/.venv/lib/python3.12/site-packages/rest_framework/views.py", line 515, in dispatch
    response = self.handle_exception(exc)
               ^^^^^^^^^^^^^^^^^^^^^^^^^^
  File "/home/sahee/biloop/accounting/backend/.venv/lib/python3.12/site-packages/rest_framework/views.py", line 475, in handle_exception
    self.raise_uncaught_exception(exc)
  File "/home/sahee/biloop/accounting/backend/.venv/lib/python3.12/site-packages/rest_framework/views.py", line 486, in raise_uncaught_exception
    raise exc
  File "/home/sahee/biloop/accounting/backend/.venv/lib/python3.12/site-packages/rest_framework/views.py", line 512, in dispatch
    response = handler(request, *args, **kwargs)
               ^^^^^^^^^^^^^^^^^^^^^^^^^^^^^^^^^
  File "/home/sahee/biloop/accounting/backend/sync/views.py", line 24, in post
    result = service.sync_all()
             ^^^^^^^^^^^^^^^^^^
  File "/home/sahee/biloop/accounting/backend/sync/services.py", line 193, in sync_all
    return_count = self.sync_returns(SyncLog.get_last_id('return'))
                   ^^^^^^^^^^^^^^^^^^^^^^^^^^^^^^^^^^^^^^^^^^^^^^^^
  File "/home/sahee/biloop/accounting/backend/sync/services.py", line 115, in sync_returns
    for ret in returns:
  File "/home/sahee/biloop/accounting/backend/.venv/lib/python3.12/site-packages/django/db/models/query.py", line 390, in __iter__
    self._fetch_all()
  File "/home/sahee/biloop/accounting/backend/.venv/lib/python3.12/site-packages/django/db/models/query.py", line 2000, in _fetch_all
    self._result_cache = list(self._iterable_class(self))
                         ^^^^^^^^^^^^^^^^^^^^^^^^^^^^^^^^
  File "/home/sahee/biloop/accounting/backend/.venv/lib/python3.12/site-packages/django/db/models/query.py", line 95, in __iter__
    results = compiler.execute_sql(
              ^^^^^^^^^^^^^^^^^^^^^
  File "/home/sahee/biloop/accounting/backend/.venv/lib/python3.12/site-packages/django/db/models/sql/compiler.py", line 1624, in execute_sql
    cursor.execute(sql, params)
  File "/home/sahee/biloop/accounting/backend/.venv/lib/python3.12/site-packages/django/db/backends/utils.py", line 122, in execute
    return super().execute(sql, params)
           ^^^^^^^^^^^^^^^^^^^^^^^^^^^^
  File "/home/sahee/biloop/accounting/backend/.venv/lib/python3.12/site-packages/django/db/backends/utils.py", line 79, in execute
    return self._execute_with_wrappers(
           ^^^^^^^^^^^^^^^^^^^^^^^^^^^^
  File "/home/sahee/biloop/accounting/backend/.venv/lib/python3.12/site-packages/django/db/backends/utils.py", line 92, in _execute_with_wrappers
    return executor(sql, params, many, context)
           ^^^^^^^^^^^^^^^^^^^^^^^^^^^^^^^^^^^^
  File "/home/sahee/biloop/accounting/backend/.venv/lib/python3.12/site-packages/django/db/backends/utils.py", line 100, in _execute
    with self.db.wrap_database_errors:
  File "/home/sahee/biloop/accounting/backend/.venv/lib/python3.12/site-packages/django/db/utils.py", line 94, in __exit__
    raise dj_exc_value.with_traceback(traceback) from exc_value
  File "/home/sahee/biloop/accounting/backend/.venv/lib/python3.12/site-packages/django/db/backends/utils.py", line 105, in _execute
    return self.cursor.execute(sql, params)
           ^^^^^^^^^^^^^^^^^^^^^^^^^^^^^^^^
  File "/home/sahee/biloop/accounting/backend/.venv/lib/python3.12/site-packages/django/db/backends/sqlite3/base.py", line 359, in execute
    return super().execute(query, params)
           ^^^^^^^^^^^^^^^^^^^^^^^^^^^^^^
django.db.utils.OperationalError: no such column: sales_return_salesreturn.original_invoice_no
2026-03-19 17:51:13,065 ERROR sync Error syncing purchase 1: Account mapping not configured for key: PURCHASES
Traceback (most recent call last):
  File "/home/sahee/biloop/accounting/backend/sync/services.py", line 48, in sync_purchases
    entry = self.journal_service.generate_purchase(po.id)
            ^^^^^^^^^^^^^^^^^^^^^^^^^^^^^^^^^^^^^^^^^^^^^
  File "/usr/lib/python3.12/contextlib.py", line 81, in inner
    return func(*args, **kwds)
           ^^^^^^^^^^^^^^^^^^^
  File "/home/sahee/biloop/accounting/backend/journals/services.py", line 94, in generate_purchase
    JournalEntryLine.objects.create(entry=entry, account=self._acct('PURCHASES'), debit=total_purchases)
                                                         ^^^^^^^^^^^^^^^^^^^^^^^
  File "/home/sahee/biloop/accounting/backend/journals/services.py", line 29, in _acct
    raise ValueError(f"Account mapping not configured for key: {key}")
ValueError: Account mapping not configured for key: PURCHASES
2026-03-19 17:51:13,088 ERROR sync Error syncing pos 1: Account mapping not configured for key: CASH
Traceback (most recent call last):
  File "/home/sahee/biloop/accounting/backend/sync/services.py", line 71, in sync_pos
    entry = self.journal_service.generate_pos_sale(pos.id)
            ^^^^^^^^^^^^^^^^^^^^^^^^^^^^^^^^^^^^^^^^^^^^^^
  File "/usr/lib/python3.12/contextlib.py", line 81, in inner
    return func(*args, **kwds)
           ^^^^^^^^^^^^^^^^^^^
  File "/home/sahee/biloop/accounting/backend/journals/services.py", line 160, in generate_pos_sale
    debit_ac = self._acct('CASH')
               ^^^^^^^^^^^^^^^^^^
  File "/home/sahee/biloop/accounting/backend/journals/services.py", line 29, in _acct
    raise ValueError(f"Account mapping not configured for key: {key}")
ValueError: Account mapping not configured for key: CASH
2026-03-19 17:51:13,099 ERROR sync Error syncing pos 2: Account mapping not configured for key: CASH
Traceback (most recent call last):
  File "/home/sahee/biloop/accounting/backend/sync/services.py", line 71, in sync_pos
    entry = self.journal_service.generate_pos_sale(pos.id)
            ^^^^^^^^^^^^^^^^^^^^^^^^^^^^^^^^^^^^^^^^^^^^^^
  File "/usr/lib/python3.12/contextlib.py", line 81, in inner
    return func(*args, **kwds)
           ^^^^^^^^^^^^^^^^^^^
  File "/home/sahee/biloop/accounting/backend/journals/services.py", line 160, in generate_pos_sale
    debit_ac = self._acct('CASH')
               ^^^^^^^^^^^^^^^^^^
  File "/home/sahee/biloop/accounting/backend/journals/services.py", line 29, in _acct
    raise ValueError(f"Account mapping not configured for key: {key}")
ValueError: Account mapping not configured for key: CASH
2026-03-19 17:51:13,110 ERROR sync Error syncing pos 3: Account mapping not configured for key: CASH
Traceback (most recent call last):
  File "/home/sahee/biloop/accounting/backend/sync/services.py", line 71, in sync_pos
    entry = self.journal_service.generate_pos_sale(pos.id)
            ^^^^^^^^^^^^^^^^^^^^^^^^^^^^^^^^^^^^^^^^^^^^^^
  File "/usr/lib/python3.12/contextlib.py", line 81, in inner
    return func(*args, **kwds)
           ^^^^^^^^^^^^^^^^^^^
  File "/home/sahee/biloop/accounting/backend/journals/services.py", line 160, in generate_pos_sale
    debit_ac = self._acct('CASH')
               ^^^^^^^^^^^^^^^^^^
  File "/home/sahee/biloop/accounting/backend/journals/services.py", line 29, in _acct
    raise ValueError(f"Account mapping not configured for key: {key}")
ValueError: Account mapping not configured for key: CASH
2026-03-19 17:51:13,122 ERROR sync Error syncing pos 4: Account mapping not configured for key: CASH
Traceback (most recent call last):
  File "/home/sahee/biloop/accounting/backend/sync/services.py", line 71, in sync_pos
    entry = self.journal_service.generate_pos_sale(pos.id)
            ^^^^^^^^^^^^^^^^^^^^^^^^^^^^^^^^^^^^^^^^^^^^^^
  File "/usr/lib/python3.12/contextlib.py", line 81, in inner
    return func(*args, **kwds)
           ^^^^^^^^^^^^^^^^^^^
  File "/home/sahee/biloop/accounting/backend/journals/services.py", line 160, in generate_pos_sale
    debit_ac = self._acct('CASH')
               ^^^^^^^^^^^^^^^^^^
  File "/home/sahee/biloop/accounting/backend/journals/services.py", line 29, in _acct
    raise ValueError(f"Account mapping not configured for key: {key}")
ValueError: Account mapping not configured for key: CASH
2026-03-19 17:51:13,133 ERROR sync Error syncing pos 5: Account mapping not configured for key: CASH
Traceback (most recent call last):
  File "/home/sahee/biloop/accounting/backend/sync/services.py", line 71, in sync_pos
    entry = self.journal_service.generate_pos_sale(pos.id)
            ^^^^^^^^^^^^^^^^^^^^^^^^^^^^^^^^^^^^^^^^^^^^^^
  File "/usr/lib/python3.12/contextlib.py", line 81, in inner
    return func(*args, **kwds)
           ^^^^^^^^^^^^^^^^^^^
  File "/home/sahee/biloop/accounting/backend/journals/services.py", line 160, in generate_pos_sale
    debit_ac = self._acct('CASH')
               ^^^^^^^^^^^^^^^^^^
  File "/home/sahee/biloop/accounting/backend/journals/services.py", line 29, in _acct
    raise ValueError(f"Account mapping not configured for key: {key}")
ValueError: Account mapping not configured for key: CASH
2026-03-19 17:51:13,153 ERROR sync Error syncing b2b 1: Account mapping not configured for key: TRADE_RECEIVABLES
Traceback (most recent call last):
  File "/home/sahee/biloop/accounting/backend/sync/services.py", line 94, in sync_b2b
    entry = self.journal_service.generate_b2b_sale(order.id)
            ^^^^^^^^^^^^^^^^^^^^^^^^^^^^^^^^^^^^^^^^^^^^^^^^
  File "/usr/lib/python3.12/contextlib.py", line 81, in inner
    return func(*args, **kwds)
           ^^^^^^^^^^^^^^^^^^^
  File "/home/sahee/biloop/accounting/backend/journals/services.py", line 232, in generate_b2b_sale
    account=self._acct('TRADE_RECEIVABLES'),
            ^^^^^^^^^^^^^^^^^^^^^^^^^^^^^^^
  File "/home/sahee/biloop/accounting/backend/journals/services.py", line 29, in _acct
    raise ValueError(f"Account mapping not configured for key: {key}")
ValueError: Account mapping not configured for key: TRADE_RECEIVABLES
2026-03-19 17:51:13,179 ERROR django.request Internal Server Error: /api/sync/run/
Traceback (most recent call last):
  File "/home/sahee/biloop/accounting/backend/.venv/lib/python3.12/site-packages/django/db/backends/utils.py", line 105, in _execute
    return self.cursor.execute(sql, params)
           ^^^^^^^^^^^^^^^^^^^^^^^^^^^^^^^^
  File "/home/sahee/biloop/accounting/backend/.venv/lib/python3.12/site-packages/django/db/backends/sqlite3/base.py", line 359, in execute
    return super().execute(query, params)
           ^^^^^^^^^^^^^^^^^^^^^^^^^^^^^^
sqlite3.OperationalError: no such column: sales_return_salesreturn.original_invoice_no

The above exception was the direct cause of the following exception:

Traceback (most recent call last):
  File "/home/sahee/biloop/accounting/backend/.venv/lib/python3.12/site-packages/django/core/handlers/exception.py", line 55, in inner
    response = get_response(request)
               ^^^^^^^^^^^^^^^^^^^^^
  File "/home/sahee/biloop/accounting/backend/.venv/lib/python3.12/site-packages/django/core/handlers/base.py", line 198, in _get_response
    response = wrapped_callback(request, *callback_args, **callback_kwargs)
               ^^^^^^^^^^^^^^^^^^^^^^^^^^^^^^^^^^^^^^^^^^^^^^^^^^^^^^^^^^^^
  File "/home/sahee/biloop/accounting/backend/.venv/lib/python3.12/site-packages/django/views/decorators/csrf.py", line 65, in _view_wrapper
    return view_func(request, *args, **kwargs)
           ^^^^^^^^^^^^^^^^^^^^^^^^^^^^^^^^^^^
  File "/home/sahee/biloop/accounting/backend/.venv/lib/python3.12/site-packages/django/views/generic/base.py", line 106, in view
    return self.dispatch(request, *args, **kwargs)
           ^^^^^^^^^^^^^^^^^^^^^^^^^^^^^^^^^^^^^^^
  File "/home/sahee/biloop/accounting/backend/.venv/lib/python3.12/site-packages/rest_framework/views.py", line 515, in dispatch
    response = self.handle_exception(exc)
               ^^^^^^^^^^^^^^^^^^^^^^^^^^
  File "/home/sahee/biloop/accounting/backend/.venv/lib/python3.12/site-packages/rest_framework/views.py", line 475, in handle_exception
    self.raise_uncaught_exception(exc)
  File "/home/sahee/biloop/accounting/backend/.venv/lib/python3.12/site-packages/rest_framework/views.py", line 486, in raise_uncaught_exception
    raise exc
  File "/home/sahee/biloop/accounting/backend/.venv/lib/python3.12/site-packages/rest_framework/views.py", line 512, in dispatch
    response = handler(request, *args, **kwargs)
               ^^^^^^^^^^^^^^^^^^^^^^^^^^^^^^^^^
  File "/home/sahee/biloop/accounting/backend/sync/views.py", line 24, in post
    result = service.sync_all()
             ^^^^^^^^^^^^^^^^^^
  File "/home/sahee/biloop/accounting/backend/sync/services.py", line 193, in sync_all
    return_count = self.sync_returns(SyncLog.get_last_id('return'))
                   ^^^^^^^^^^^^^^^^^^^^^^^^^^^^^^^^^^^^^^^^^^^^^^^^
  File "/home/sahee/biloop/accounting/backend/sync/services.py", line 115, in sync_returns
    for ret in returns:
  File "/home/sahee/biloop/accounting/backend/.venv/lib/python3.12/site-packages/django/db/models/query.py", line 390, in __iter__
    self._fetch_all()
  File "/home/sahee/biloop/accounting/backend/.venv/lib/python3.12/site-packages/django/db/models/query.py", line 2000, in _fetch_all
    self._result_cache = list(self._iterable_class(self))
                         ^^^^^^^^^^^^^^^^^^^^^^^^^^^^^^^^
  File "/home/sahee/biloop/accounting/backend/.venv/lib/python3.12/site-packages/django/db/models/query.py", line 95, in __iter__
    results = compiler.execute_sql(
              ^^^^^^^^^^^^^^^^^^^^^
  File "/home/sahee/biloop/accounting/backend/.venv/lib/python3.12/site-packages/django/db/models/sql/compiler.py", line 1624, in execute_sql
    cursor.execute(sql, params)
  File "/home/sahee/biloop/accounting/backend/.venv/lib/python3.12/site-packages/django/db/backends/utils.py", line 122, in execute
    return super().execute(sql, params)
           ^^^^^^^^^^^^^^^^^^^^^^^^^^^^
  File "/home/sahee/biloop/accounting/backend/.venv/lib/python3.12/site-packages/django/db/backends/utils.py", line 79, in execute
    return self._execute_with_wrappers(
           ^^^^^^^^^^^^^^^^^^^^^^^^^^^^
  File "/home/sahee/biloop/accounting/backend/.venv/lib/python3.12/site-packages/django/db/backends/utils.py", line 92, in _execute_with_wrappers
    return executor(sql, params, many, context)
           ^^^^^^^^^^^^^^^^^^^^^^^^^^^^^^^^^^^^
  File "/home/sahee/biloop/accounting/backend/.venv/lib/python3.12/site-packages/django/db/backends/utils.py", line 100, in _execute
    with self.db.wrap_database_errors:
  File "/home/sahee/biloop/accounting/backend/.venv/lib/python3.12/site-packages/django/db/utils.py", line 94, in __exit__
    raise dj_exc_value.with_traceback(traceback) from exc_value
  File "/home/sahee/biloop/accounting/backend/.venv/lib/python3.12/site-packages/django/db/backends/utils.py", line 105, in _execute
    return self.cursor.execute(sql, params)
           ^^^^^^^^^^^^^^^^^^^^^^^^^^^^^^^^
  File "/home/sahee/biloop/accounting/backend/.venv/lib/python3.12/site-packages/django/db/backends/sqlite3/base.py", line 359, in execute
    return super().execute(query, params)
           ^^^^^^^^^^^^^^^^^^^^^^^^^^^^^^
django.db.utils.OperationalError: no such column: sales_return_salesreturn.original_invoice_no
2026-03-19 18:06:11,704 ERROR sync Error syncing purchase 1: Account mapping not configured for key: PURCHASES
Traceback (most recent call last):
  File "/home/sahee/biloop/accounting/backend/sync/services.py", line 48, in sync_purchases
    entry = self.journal_service.generate_purchase(po.id)
            ^^^^^^^^^^^^^^^^^^^^^^^^^^^^^^^^^^^^^^^^^^^^^
  File "/usr/lib/python3.12/contextlib.py", line 81, in inner
    return func(*args, **kwds)
           ^^^^^^^^^^^^^^^^^^^
  File "/home/sahee/biloop/accounting/backend/journals/services.py", line 94, in generate_purchase
    JournalEntryLine.objects.create(entry=entry, account=self._acct('PURCHASES'), debit=total_purchases)
                                                         ^^^^^^^^^^^^^^^^^^^^^^^
  File "/home/sahee/biloop/accounting/backend/journals/services.py", line 29, in _acct
    raise ValueError(f"Account mapping not configured for key: {key}")
ValueError: Account mapping not configured for key: PURCHASES
2026-03-19 18:06:11,734 ERROR sync Error syncing pos 1: Account mapping not configured for key: CASH
Traceback (most recent call last):
  File "/home/sahee/biloop/accounting/backend/sync/services.py", line 71, in sync_pos
    entry = self.journal_service.generate_pos_sale(pos.id)
            ^^^^^^^^^^^^^^^^^^^^^^^^^^^^^^^^^^^^^^^^^^^^^^
  File "/usr/lib/python3.12/contextlib.py", line 81, in inner
    return func(*args, **kwds)
           ^^^^^^^^^^^^^^^^^^^
  File "/home/sahee/biloop/accounting/backend/journals/services.py", line 160, in generate_pos_sale
    debit_ac = self._acct('CASH')
               ^^^^^^^^^^^^^^^^^^
  File "/home/sahee/biloop/accounting/backend/journals/services.py", line 29, in _acct
    raise ValueError(f"Account mapping not configured for key: {key}")
ValueError: Account mapping not configured for key: CASH
2026-03-19 18:06:11,748 ERROR sync Error syncing pos 2: Account mapping not configured for key: CASH
Traceback (most recent call last):
  File "/home/sahee/biloop/accounting/backend/sync/services.py", line 71, in sync_pos
    entry = self.journal_service.generate_pos_sale(pos.id)
            ^^^^^^^^^^^^^^^^^^^^^^^^^^^^^^^^^^^^^^^^^^^^^^
  File "/usr/lib/python3.12/contextlib.py", line 81, in inner
    return func(*args, **kwds)
           ^^^^^^^^^^^^^^^^^^^
  File "/home/sahee/biloop/accounting/backend/journals/services.py", line 160, in generate_pos_sale
    debit_ac = self._acct('CASH')
               ^^^^^^^^^^^^^^^^^^
  File "/home/sahee/biloop/accounting/backend/journals/services.py", line 29, in _acct
    raise ValueError(f"Account mapping not configured for key: {key}")
ValueError: Account mapping not configured for key: CASH
2026-03-19 18:06:11,760 ERROR sync Error syncing pos 3: Account mapping not configured for key: CASH
Traceback (most recent call last):
  File "/home/sahee/biloop/accounting/backend/sync/services.py", line 71, in sync_pos
    entry = self.journal_service.generate_pos_sale(pos.id)
            ^^^^^^^^^^^^^^^^^^^^^^^^^^^^^^^^^^^^^^^^^^^^^^
  File "/usr/lib/python3.12/contextlib.py", line 81, in inner
    return func(*args, **kwds)
           ^^^^^^^^^^^^^^^^^^^
  File "/home/sahee/biloop/accounting/backend/journals/services.py", line 160, in generate_pos_sale
    debit_ac = self._acct('CASH')
               ^^^^^^^^^^^^^^^^^^
  File "/home/sahee/biloop/accounting/backend/journals/services.py", line 29, in _acct
    raise ValueError(f"Account mapping not configured for key: {key}")
ValueError: Account mapping not configured for key: CASH
2026-03-19 18:06:11,770 ERROR sync Error syncing pos 4: Account mapping not configured for key: CASH
Traceback (most recent call last):
  File "/home/sahee/biloop/accounting/backend/sync/services.py", line 71, in sync_pos
    entry = self.journal_service.generate_pos_sale(pos.id)
            ^^^^^^^^^^^^^^^^^^^^^^^^^^^^^^^^^^^^^^^^^^^^^^
  File "/usr/lib/python3.12/contextlib.py", line 81, in inner
    return func(*args, **kwds)
           ^^^^^^^^^^^^^^^^^^^
  File "/home/sahee/biloop/accounting/backend/journals/services.py", line 160, in generate_pos_sale
    debit_ac = self._acct('CASH')
               ^^^^^^^^^^^^^^^^^^
  File "/home/sahee/biloop/accounting/backend/journals/services.py", line 29, in _acct
    raise ValueError(f"Account mapping not configured for key: {key}")
ValueError: Account mapping not configured for key: CASH
2026-03-19 18:06:11,782 ERROR sync Error syncing pos 5: Account mapping not configured for key: CASH
Traceback (most recent call last):
  File "/home/sahee/biloop/accounting/backend/sync/services.py", line 71, in sync_pos
    entry = self.journal_service.generate_pos_sale(pos.id)
            ^^^^^^^^^^^^^^^^^^^^^^^^^^^^^^^^^^^^^^^^^^^^^^
  File "/usr/lib/python3.12/contextlib.py", line 81, in inner
    return func(*args, **kwds)
           ^^^^^^^^^^^^^^^^^^^
  File "/home/sahee/biloop/accounting/backend/journals/services.py", line 160, in generate_pos_sale
    debit_ac = self._acct('CASH')
               ^^^^^^^^^^^^^^^^^^
  File "/home/sahee/biloop/accounting/backend/journals/services.py", line 29, in _acct
    raise ValueError(f"Account mapping not configured for key: {key}")
ValueError: Account mapping not configured for key: CASH
2026-03-19 18:06:11,793 ERROR sync Error syncing pos 6: Account mapping not configured for key: CASH
Traceback (most recent call last):
  File "/home/sahee/biloop/accounting/backend/sync/services.py", line 71, in sync_pos
    entry = self.journal_service.generate_pos_sale(pos.id)
            ^^^^^^^^^^^^^^^^^^^^^^^^^^^^^^^^^^^^^^^^^^^^^^
  File "/usr/lib/python3.12/contextlib.py", line 81, in inner
    return func(*args, **kwds)
           ^^^^^^^^^^^^^^^^^^^
  File "/home/sahee/biloop/accounting/backend/journals/services.py", line 160, in generate_pos_sale
    debit_ac = self._acct('CASH')
               ^^^^^^^^^^^^^^^^^^
  File "/home/sahee/biloop/accounting/backend/journals/services.py", line 29, in _acct
    raise ValueError(f"Account mapping not configured for key: {key}")
ValueError: Account mapping not configured for key: CASH
2026-03-19 18:06:11,816 ERROR sync Error syncing b2b 1: Account mapping not configured for key: TRADE_RECEIVABLES
Traceback (most recent call last):
  File "/home/sahee/biloop/accounting/backend/sync/services.py", line 94, in sync_b2b
    entry = self.journal_service.generate_b2b_sale(order.id)
            ^^^^^^^^^^^^^^^^^^^^^^^^^^^^^^^^^^^^^^^^^^^^^^^^
  File "/usr/lib/python3.12/contextlib.py", line 81, in inner
    return func(*args, **kwds)
           ^^^^^^^^^^^^^^^^^^^
  File "/home/sahee/biloop/accounting/backend/journals/services.py", line 232, in generate_b2b_sale
    account=self._acct('TRADE_RECEIVABLES'),
            ^^^^^^^^^^^^^^^^^^^^^^^^^^^^^^^
  File "/home/sahee/biloop/accounting/backend/journals/services.py", line 29, in _acct
    raise ValueError(f"Account mapping not configured for key: {key}")
ValueError: Account mapping not configured for key: TRADE_RECEIVABLES
2026-03-19 18:06:11,849 ERROR django.request Internal Server Error: /api/sync/run/
Traceback (most recent call last):
  File "/home/sahee/biloop/accounting/backend/.venv/lib/python3.12/site-packages/django/db/backends/utils.py", line 105, in _execute
    return self.cursor.execute(sql, params)
           ^^^^^^^^^^^^^^^^^^^^^^^^^^^^^^^^
  File "/home/sahee/biloop/accounting/backend/.venv/lib/python3.12/site-packages/django/db/backends/sqlite3/base.py", line 359, in execute
    return super().execute(query, params)
           ^^^^^^^^^^^^^^^^^^^^^^^^^^^^^^
sqlite3.OperationalError: no such column: sales_return_salesreturn.original_invoice_no

The above exception was the direct cause of the following exception:

Traceback (most recent call last):
  File "/home/sahee/biloop/accounting/backend/.venv/lib/python3.12/site-packages/django/core/handlers/exception.py", line 55, in inner
    response = get_response(request)
               ^^^^^^^^^^^^^^^^^^^^^
  File "/home/sahee/biloop/accounting/backend/.venv/lib/python3.12/site-packages/django/core/handlers/base.py", line 198, in _get_response
    response = wrapped_callback(request, *callback_args, **callback_kwargs)
               ^^^^^^^^^^^^^^^^^^^^^^^^^^^^^^^^^^^^^^^^^^^^^^^^^^^^^^^^^^^^
  File "/home/sahee/biloop/accounting/backend/.venv/lib/python3.12/site-packages/django/views/decorators/csrf.py", line 65, in _view_wrapper
    return view_func(request, *args, **kwargs)
           ^^^^^^^^^^^^^^^^^^^^^^^^^^^^^^^^^^^
  File "/home/sahee/biloop/accounting/backend/.venv/lib/python3.12/site-packages/django/views/generic/base.py", line 106, in view
    return self.dispatch(request, *args, **kwargs)
           ^^^^^^^^^^^^^^^^^^^^^^^^^^^^^^^^^^^^^^^
  File "/home/sahee/biloop/accounting/backend/.venv/lib/python3.12/site-packages/rest_framework/views.py", line 515, in dispatch
    response = self.handle_exception(exc)
               ^^^^^^^^^^^^^^^^^^^^^^^^^^
  File "/home/sahee/biloop/accounting/backend/.venv/lib/python3.12/site-packages/rest_framework/views.py", line 475, in handle_exception
    self.raise_uncaught_exception(exc)
  File "/home/sahee/biloop/accounting/backend/.venv/lib/python3.12/site-packages/rest_framework/views.py", line 486, in raise_uncaught_exception
    raise exc
  File "/home/sahee/biloop/accounting/backend/.venv/lib/python3.12/site-packages/rest_framework/views.py", line 512, in dispatch
    response = handler(request, *args, **kwargs)
               ^^^^^^^^^^^^^^^^^^^^^^^^^^^^^^^^^
  File "/home/sahee/biloop/accounting/backend/sync/views.py", line 24, in post
    result = service.sync_all()
             ^^^^^^^^^^^^^^^^^^
  File "/home/sahee/biloop/accounting/backend/sync/services.py", line 193, in sync_all
    return_count = self.sync_returns(SyncLog.get_last_id('return'))
                   ^^^^^^^^^^^^^^^^^^^^^^^^^^^^^^^^^^^^^^^^^^^^^^^^
  File "/home/sahee/biloop/accounting/backend/sync/services.py", line 115, in sync_returns
    for ret in returns:
  File "/home/sahee/biloop/accounting/backend/.venv/lib/python3.12/site-packages/django/db/models/query.py", line 390, in __iter__
    self._fetch_all()
  File "/home/sahee/biloop/accounting/backend/.venv/lib/python3.12/site-packages/django/db/models/query.py", line 2000, in _fetch_all
    self._result_cache = list(self._iterable_class(self))
                         ^^^^^^^^^^^^^^^^^^^^^^^^^^^^^^^^
  File "/home/sahee/biloop/accounting/backend/.venv/lib/python3.12/site-packages/django/db/models/query.py", line 95, in __iter__
    results = compiler.execute_sql(
              ^^^^^^^^^^^^^^^^^^^^^
  File "/home/sahee/biloop/accounting/backend/.venv/lib/python3.12/site-packages/django/db/models/sql/compiler.py", line 1624, in execute_sql
    cursor.execute(sql, params)
  File "/home/sahee/biloop/accounting/backend/.venv/lib/python3.12/site-packages/django/db/backends/utils.py", line 122, in execute
    return super().execute(sql, params)
           ^^^^^^^^^^^^^^^^^^^^^^^^^^^^
  File "/home/sahee/biloop/accounting/backend/.venv/lib/python3.12/site-packages/django/db/backends/utils.py", line 79, in execute
    return self._execute_with_wrappers(
           ^^^^^^^^^^^^^^^^^^^^^^^^^^^^
  File "/home/sahee/biloop/accounting/backend/.venv/lib/python3.12/site-packages/django/db/backends/utils.py", line 92, in _execute_with_wrappers
    return executor(sql, params, many, context)
           ^^^^^^^^^^^^^^^^^^^^^^^^^^^^^^^^^^^^
  File "/home/sahee/biloop/accounting/backend/.venv/lib/python3.12/site-packages/django/db/backends/utils.py", line 100, in _execute
    with self.db.wrap_database_errors:
  File "/home/sahee/biloop/accounting/backend/.venv/lib/python3.12/site-packages/django/db/utils.py", line 94, in __exit__
    raise dj_exc_value.with_traceback(traceback) from exc_value
  File "/home/sahee/biloop/accounting/backend/.venv/lib/python3.12/site-packages/django/db/backends/utils.py", line 105, in _execute
    return self.cursor.execute(sql, params)
           ^^^^^^^^^^^^^^^^^^^^^^^^^^^^^^^^
  File "/home/sahee/biloop/accounting/backend/.venv/lib/python3.12/site-packages/django/db/backends/sqlite3/base.py", line 359, in execute
    return super().execute(query, params)
           ^^^^^^^^^^^^^^^^^^^^^^^^^^^^^^
django.db.utils.OperationalError: no such column: sales_return_salesreturn.original_invoice_no
2026-03-19 18:13:43,190 ERROR django.request Internal Server Error: /api/sync/run/
Traceback (most recent call last):
  File "/home/sahee/biloop/accounting/backend/.venv/lib/python3.12/site-packages/django/db/backends/utils.py", line 105, in _execute
    return self.cursor.execute(sql, params)
           ^^^^^^^^^^^^^^^^^^^^^^^^^^^^^^^^
  File "/home/sahee/biloop/accounting/backend/.venv/lib/python3.12/site-packages/django/db/backends/sqlite3/base.py", line 359, in execute
    return super().execute(query, params)
           ^^^^^^^^^^^^^^^^^^^^^^^^^^^^^^
sqlite3.OperationalError: no such column: sales_return_salesreturn.original_invoice_no

The above exception was the direct cause of the following exception:

Traceback (most recent call last):
  File "/home/sahee/biloop/accounting/backend/.venv/lib/python3.12/site-packages/django/core/handlers/exception.py", line 55, in inner
    response = get_response(request)
               ^^^^^^^^^^^^^^^^^^^^^
  File "/home/sahee/biloop/accounting/backend/.venv/lib/python3.12/site-packages/django/core/handlers/base.py", line 198, in _get_response
    response = wrapped_callback(request, *callback_args, **callback_kwargs)
               ^^^^^^^^^^^^^^^^^^^^^^^^^^^^^^^^^^^^^^^^^^^^^^^^^^^^^^^^^^^^
  File "/home/sahee/biloop/accounting/backend/.venv/lib/python3.12/site-packages/django/views/decorators/csrf.py", line 65, in _view_wrapper
    return view_func(request, *args, **kwargs)
           ^^^^^^^^^^^^^^^^^^^^^^^^^^^^^^^^^^^
  File "/home/sahee/biloop/accounting/backend/.venv/lib/python3.12/site-packages/django/views/generic/base.py", line 106, in view
    return self.dispatch(request, *args, **kwargs)
           ^^^^^^^^^^^^^^^^^^^^^^^^^^^^^^^^^^^^^^^
  File "/home/sahee/biloop/accounting/backend/.venv/lib/python3.12/site-packages/rest_framework/views.py", line 515, in dispatch
    response = self.handle_exception(exc)
               ^^^^^^^^^^^^^^^^^^^^^^^^^^
  File "/home/sahee/biloop/accounting/backend/.venv/lib/python3.12/site-packages/rest_framework/views.py", line 475, in handle_exception
    self.raise_uncaught_exception(exc)
  File "/home/sahee/biloop/accounting/backend/.venv/lib/python3.12/site-packages/rest_framework/views.py", line 486, in raise_uncaught_exception
    raise exc
  File "/home/sahee/biloop/accounting/backend/.venv/lib/python3.12/site-packages/rest_framework/views.py", line 512, in dispatch
    response = handler(request, *args, **kwargs)
               ^^^^^^^^^^^^^^^^^^^^^^^^^^^^^^^^^
  File "/home/sahee/biloop/accounting/backend/sync/views.py", line 24, in post
    result = service.sync_all()
             ^^^^^^^^^^^^^^^^^^
  File "/home/sahee/biloop/accounting/backend/sync/services.py", line 193, in sync_all
    return_count = self.sync_returns(SyncLog.get_last_id('return'))
                   ^^^^^^^^^^^^^^^^^^^^^^^^^^^^^^^^^^^^^^^^^^^^^^^^
  File "/home/sahee/biloop/accounting/backend/sync/services.py", line 115, in sync_returns
    for ret in returns:
  File "/home/sahee/biloop/accounting/backend/.venv/lib/python3.12/site-packages/django/db/models/query.py", line 390, in __iter__
    self._fetch_all()
  File "/home/sahee/biloop/accounting/backend/.venv/lib/python3.12/site-packages/django/db/models/query.py", line 2000, in _fetch_all
    self._result_cache = list(self._iterable_class(self))
                         ^^^^^^^^^^^^^^^^^^^^^^^^^^^^^^^^
  File "/home/sahee/biloop/accounting/backend/.venv/lib/python3.12/site-packages/django/db/models/query.py", line 95, in __iter__
    results = compiler.execute_sql(
              ^^^^^^^^^^^^^^^^^^^^^
  File "/home/sahee/biloop/accounting/backend/.venv/lib/python3.12/site-packages/django/db/models/sql/compiler.py", line 1624, in execute_sql
    cursor.execute(sql, params)
  File "/home/sahee/biloop/accounting/backend/.venv/lib/python3.12/site-packages/django/db/backends/utils.py", line 122, in execute
    return super().execute(sql, params)
           ^^^^^^^^^^^^^^^^^^^^^^^^^^^^
  File "/home/sahee/biloop/accounting/backend/.venv/lib/python3.12/site-packages/django/db/backends/utils.py", line 79, in execute
    return self._execute_with_wrappers(
           ^^^^^^^^^^^^^^^^^^^^^^^^^^^^
  File "/home/sahee/biloop/accounting/backend/.venv/lib/python3.12/site-packages/django/db/backends/utils.py", line 92, in _execute_with_wrappers
    return executor(sql, params, many, context)
           ^^^^^^^^^^^^^^^^^^^^^^^^^^^^^^^^^^^^
  File "/home/sahee/biloop/accounting/backend/.venv/lib/python3.12/site-packages/django/db/backends/utils.py", line 100, in _execute
    with self.db.wrap_database_errors:
  File "/home/sahee/biloop/accounting/backend/.venv/lib/python3.12/site-packages/django/db/utils.py", line 94, in __exit__
    raise dj_exc_value.with_traceback(traceback) from exc_value
  File "/home/sahee/biloop/accounting/backend/.venv/lib/python3.12/site-packages/django/db/backends/utils.py", line 105, in _execute
    return self.cursor.execute(sql, params)
           ^^^^^^^^^^^^^^^^^^^^^^^^^^^^^^^^
  File "/home/sahee/biloop/accounting/backend/.venv/lib/python3.12/site-packages/django/db/backends/sqlite3/base.py", line 359, in execute
    return super().execute(query, params)
           ^^^^^^^^^^^^^^^^^^^^^^^^^^^^^^
django.db.utils.OperationalError: no such column: sales_return_salesreturn.original_invoice_no
2026-03-19 18:14:45,975 ERROR django.request Internal Server Error: /api/sync/run/
Traceback (most recent call last):
  File "/home/sahee/biloop/accounting/backend/.venv/lib/python3.12/site-packages/django/db/backends/utils.py", line 105, in _execute
    return self.cursor.execute(sql, params)
           ^^^^^^^^^^^^^^^^^^^^^^^^^^^^^^^^
  File "/home/sahee/biloop/accounting/backend/.venv/lib/python3.12/site-packages/django/db/backends/sqlite3/base.py", line 359, in execute
    return super().execute(query, params)
           ^^^^^^^^^^^^^^^^^^^^^^^^^^^^^^
sqlite3.OperationalError: no such column: sales_return_salesreturn.original_invoice_no

The above exception was the direct cause of the following exception:

Traceback (most recent call last):
  File "/home/sahee/biloop/accounting/backend/.venv/lib/python3.12/site-packages/django/core/handlers/exception.py", line 55, in inner
    response = get_response(request)
               ^^^^^^^^^^^^^^^^^^^^^
  File "/home/sahee/biloop/accounting/backend/.venv/lib/python3.12/site-packages/django/core/handlers/base.py", line 198, in _get_response
    response = wrapped_callback(request, *callback_args, **callback_kwargs)
               ^^^^^^^^^^^^^^^^^^^^^^^^^^^^^^^^^^^^^^^^^^^^^^^^^^^^^^^^^^^^
  File "/home/sahee/biloop/accounting/backend/.venv/lib/python3.12/site-packages/django/views/decorators/csrf.py", line 65, in _view_wrapper
    return view_func(request, *args, **kwargs)
           ^^^^^^^^^^^^^^^^^^^^^^^^^^^^^^^^^^^
  File "/home/sahee/biloop/accounting/backend/.venv/lib/python3.12/site-packages/django/views/generic/base.py", line 106, in view
    return self.dispatch(request, *args, **kwargs)
           ^^^^^^^^^^^^^^^^^^^^^^^^^^^^^^^^^^^^^^^
  File "/home/sahee/biloop/accounting/backend/.venv/lib/python3.12/site-packages/rest_framework/views.py", line 515, in dispatch
    response = self.handle_exception(exc)
               ^^^^^^^^^^^^^^^^^^^^^^^^^^
  File "/home/sahee/biloop/accounting/backend/.venv/lib/python3.12/site-packages/rest_framework/views.py", line 475, in handle_exception
    self.raise_uncaught_exception(exc)
  File "/home/sahee/biloop/accounting/backend/.venv/lib/python3.12/site-packages/rest_framework/views.py", line 486, in raise_uncaught_exception
    raise exc
  File "/home/sahee/biloop/accounting/backend/.venv/lib/python3.12/site-packages/rest_framework/views.py", line 512, in dispatch
    response = handler(request, *args, **kwargs)
               ^^^^^^^^^^^^^^^^^^^^^^^^^^^^^^^^^
  File "/home/sahee/biloop/accounting/backend/sync/views.py", line 24, in post
    result = service.sync_all()
             ^^^^^^^^^^^^^^^^^^
  File "/home/sahee/biloop/accounting/backend/sync/services.py", line 193, in sync_all
    return_count = self.sync_returns(SyncLog.get_last_id('return'))
                   ^^^^^^^^^^^^^^^^^^^^^^^^^^^^^^^^^^^^^^^^^^^^^^^^
  File "/home/sahee/biloop/accounting/backend/sync/services.py", line 115, in sync_returns
    for ret in returns:
  File "/home/sahee/biloop/accounting/backend/.venv/lib/python3.12/site-packages/django/db/models/query.py", line 390, in __iter__
    self._fetch_all()
  File "/home/sahee/biloop/accounting/backend/.venv/lib/python3.12/site-packages/django/db/models/query.py", line 2000, in _fetch_all
    self._result_cache = list(self._iterable_class(self))
                         ^^^^^^^^^^^^^^^^^^^^^^^^^^^^^^^^
  File "/home/sahee/biloop/accounting/backend/.venv/lib/python3.12/site-packages/django/db/models/query.py", line 95, in __iter__
    results = compiler.execute_sql(
              ^^^^^^^^^^^^^^^^^^^^^
  File "/home/sahee/biloop/accounting/backend/.venv/lib/python3.12/site-packages/django/db/models/sql/compiler.py", line 1624, in execute_sql
    cursor.execute(sql, params)
  File "/home/sahee/biloop/accounting/backend/.venv/lib/python3.12/site-packages/django/db/backends/utils.py", line 122, in execute
    return super().execute(sql, params)
           ^^^^^^^^^^^^^^^^^^^^^^^^^^^^
  File "/home/sahee/biloop/accounting/backend/.venv/lib/python3.12/site-packages/django/db/backends/utils.py", line 79, in execute
    return self._execute_with_wrappers(
           ^^^^^^^^^^^^^^^^^^^^^^^^^^^^
  File "/home/sahee/biloop/accounting/backend/.venv/lib/python3.12/site-packages/django/db/backends/utils.py", line 92, in _execute_with_wrappers
    return executor(sql, params, many, context)
           ^^^^^^^^^^^^^^^^^^^^^^^^^^^^^^^^^^^^
  File "/home/sahee/biloop/accounting/backend/.venv/lib/python3.12/site-packages/django/db/backends/utils.py", line 100, in _execute
    with self.db.wrap_database_errors:
  File "/home/sahee/biloop/accounting/backend/.venv/lib/python3.12/site-packages/django/db/utils.py", line 94, in __exit__
    raise dj_exc_value.with_traceback(traceback) from exc_value
  File "/home/sahee/biloop/accounting/backend/.venv/lib/python3.12/site-packages/django/db/backends/utils.py", line 105, in _execute
    return self.cursor.execute(sql, params)
           ^^^^^^^^^^^^^^^^^^^^^^^^^^^^^^^^
  File "/home/sahee/biloop/accounting/backend/.venv/lib/python3.12/site-packages/django/db/backends/sqlite3/base.py", line 359, in execute
    return super().execute(query, params)
           ^^^^^^^^^^^^^^^^^^^^^^^^^^^^^^
django.db.utils.OperationalError: no such column: sales_return_salesreturn.original_invoice_no
2026-03-19 18:16:58,254 INFO django.utils.autoreload /home/sahee/biloop/accounting/backend/sync/services.py changed, reloading.
2026-03-19 18:16:58,543 INFO django.utils.autoreload Watching for file changes with StatReloader
2026-03-19 18:17:09,721 INFO django.utils.autoreload /home/sahee/biloop/accounting/backend/sync/services.py changed, reloading.
2026-03-19 18:17:09,941 INFO django.utils.autoreload Watching for file changes with StatReloader
2026-03-19 18:17:15,098 INFO django.utils.autoreload /home/sahee/biloop/accounting/backend/sync/services.py changed, reloading.
2026-03-19 18:17:15,333 INFO django.utils.autoreload Watching for file changes with StatReloader
2026-03-19 18:17:20,482 INFO django.utils.autoreload /home/sahee/biloop/accounting/backend/sync/services.py changed, reloading.
2026-03-19 18:17:20,699 INFO django.utils.autoreload Watching for file changes with StatReloader
2026-03-19 18:17:24,847 INFO django.utils.autoreload /home/sahee/biloop/accounting/backend/sync/services.py changed, reloading.
2026-03-19 18:17:25,065 INFO django.utils.autoreload Watching for file changes with StatReloader
2026-03-19 18:17:31,218 INFO django.utils.autoreload /home/sahee/biloop/accounting/backend/sync/services.py changed, reloading.
2026-03-19 18:17:31,513 INFO django.utils.autoreload Watching for file changes with StatReloader
2026-03-19 18:17:34,668 INFO django.utils.autoreload /home/sahee/biloop/accounting/backend/sync/services.py changed, reloading.
2026-03-19 18:17:34,898 INFO django.utils.autoreload Watching for file changes with StatReloader
2026-03-19 18:26:43,830 ERROR django.request Internal Server Error: /api/sync/run/
Traceback (most recent call last):
  File "/home/sahee/biloop/accounting/backend/.venv/lib/python3.12/site-packages/django/db/backends/utils.py", line 105, in _execute
    return self.cursor.execute(sql, params)
           ^^^^^^^^^^^^^^^^^^^^^^^^^^^^^^^^
  File "/home/sahee/biloop/accounting/backend/.venv/lib/python3.12/site-packages/django/db/backends/sqlite3/base.py", line 359, in execute
    return super().execute(query, params)
           ^^^^^^^^^^^^^^^^^^^^^^^^^^^^^^
sqlite3.OperationalError: no such column: sales_return_salesreturn.original_invoice_no

The above exception was the direct cause of the following exception:

Traceback (most recent call last):
  File "/home/sahee/biloop/accounting/backend/.venv/lib/python3.12/site-packages/django/core/handlers/exception.py", line 55, in inner
    response = get_response(request)
               ^^^^^^^^^^^^^^^^^^^^^
  File "/home/sahee/biloop/accounting/backend/.venv/lib/python3.12/site-packages/django/core/handlers/base.py", line 198, in _get_response
    response = wrapped_callback(request, *callback_args, **callback_kwargs)
               ^^^^^^^^^^^^^^^^^^^^^^^^^^^^^^^^^^^^^^^^^^^^^^^^^^^^^^^^^^^^
  File "/home/sahee/biloop/accounting/backend/.venv/lib/python3.12/site-packages/django/views/decorators/csrf.py", line 65, in _view_wrapper
    return view_func(request, *args, **kwargs)
           ^^^^^^^^^^^^^^^^^^^^^^^^^^^^^^^^^^^
  File "/home/sahee/biloop/accounting/backend/.venv/lib/python3.12/site-packages/django/views/generic/base.py", line 106, in view
    return self.dispatch(request, *args, **kwargs)
           ^^^^^^^^^^^^^^^^^^^^^^^^^^^^^^^^^^^^^^^
  File "/home/sahee/biloop/accounting/backend/.venv/lib/python3.12/site-packages/rest_framework/views.py", line 515, in dispatch
    response = self.handle_exception(exc)
               ^^^^^^^^^^^^^^^^^^^^^^^^^^
  File "/home/sahee/biloop/accounting/backend/.venv/lib/python3.12/site-packages/rest_framework/views.py", line 475, in handle_exception
    self.raise_uncaught_exception(exc)
  File "/home/sahee/biloop/accounting/backend/.venv/lib/python3.12/site-packages/rest_framework/views.py", line 486, in raise_uncaught_exception
    raise exc
  File "/home/sahee/biloop/accounting/backend/.venv/lib/python3.12/site-packages/rest_framework/views.py", line 512, in dispatch
    response = handler(request, *args, **kwargs)
               ^^^^^^^^^^^^^^^^^^^^^^^^^^^^^^^^^
  File "/home/sahee/biloop/accounting/backend/sync/views.py", line 24, in post
    result = service.sync_all()
             ^^^^^^^^^^^^^^^^^^
  File "/home/sahee/biloop/accounting/backend/sync/services.py", line 205, in sync_all
    return_count = self.sync_returns(SyncLog.get_last_id('return'))
                   ^^^^^^^^^^^^^^^^^^^^^^^^^^^^^^^^^^^^^^^^^^^^^^^^
  File "/home/sahee/biloop/accounting/backend/sync/services.py", line 126, in sync_returns
    for ret in returns:
  File "/home/sahee/biloop/accounting/backend/.venv/lib/python3.12/site-packages/django/db/models/query.py", line 390, in __iter__
    self._fetch_all()
  File "/home/sahee/biloop/accounting/backend/.venv/lib/python3.12/site-packages/django/db/models/query.py", line 2000, in _fetch_all
    self._result_cache = list(self._iterable_class(self))
                         ^^^^^^^^^^^^^^^^^^^^^^^^^^^^^^^^
  File "/home/sahee/biloop/accounting/backend/.venv/lib/python3.12/site-packages/django/db/models/query.py", line 95, in __iter__
    results = compiler.execute_sql(
              ^^^^^^^^^^^^^^^^^^^^^
  File "/home/sahee/biloop/accounting/backend/.venv/lib/python3.12/site-packages/django/db/models/sql/compiler.py", line 1624, in execute_sql
    cursor.execute(sql, params)
  File "/home/sahee/biloop/accounting/backend/.venv/lib/python3.12/site-packages/django/db/backends/utils.py", line 122, in execute
    return super().execute(sql, params)
           ^^^^^^^^^^^^^^^^^^^^^^^^^^^^
  File "/home/sahee/biloop/accounting/backend/.venv/lib/python3.12/site-packages/django/db/backends/utils.py", line 79, in execute
    return self._execute_with_wrappers(
           ^^^^^^^^^^^^^^^^^^^^^^^^^^^^
  File "/home/sahee/biloop/accounting/backend/.venv/lib/python3.12/site-packages/django/db/backends/utils.py", line 92, in _execute_with_wrappers
    return executor(sql, params, many, context)
           ^^^^^^^^^^^^^^^^^^^^^^^^^^^^^^^^^^^^
  File "/home/sahee/biloop/accounting/backend/.venv/lib/python3.12/site-packages/django/db/backends/utils.py", line 100, in _execute
    with self.db.wrap_database_errors:
  File "/home/sahee/biloop/accounting/backend/.venv/lib/python3.12/site-packages/django/db/utils.py", line 94, in __exit__
    raise dj_exc_value.with_traceback(traceback) from exc_value
  File "/home/sahee/biloop/accounting/backend/.venv/lib/python3.12/site-packages/django/db/backends/utils.py", line 105, in _execute
    return self.cursor.execute(sql, params)
           ^^^^^^^^^^^^^^^^^^^^^^^^^^^^^^^^
  File "/home/sahee/biloop/accounting/backend/.venv/lib/python3.12/site-packages/django/db/backends/sqlite3/base.py", line 359, in execute
    return super().execute(query, params)
           ^^^^^^^^^^^^^^^^^^^^^^^^^^^^^^
django.db.utils.OperationalError: no such column: sales_return_salesreturn.original_invoice_no
2026-03-19 18:28:02,310 ERROR django.request Internal Server Error: /api/sync/run/
Traceback (most recent call last):
  File "/home/sahee/biloop/accounting/backend/.venv/lib/python3.12/site-packages/django/db/backends/utils.py", line 105, in _execute
    return self.cursor.execute(sql, params)
           ^^^^^^^^^^^^^^^^^^^^^^^^^^^^^^^^
  File "/home/sahee/biloop/accounting/backend/.venv/lib/python3.12/site-packages/django/db/backends/sqlite3/base.py", line 359, in execute
    return super().execute(query, params)
           ^^^^^^^^^^^^^^^^^^^^^^^^^^^^^^
sqlite3.OperationalError: no such column: sales_return_salesreturn.original_invoice_no

The above exception was the direct cause of the following exception:

Traceback (most recent call last):
  File "/home/sahee/biloop/accounting/backend/.venv/lib/python3.12/site-packages/django/core/handlers/exception.py", line 55, in inner
    response = get_response(request)
               ^^^^^^^^^^^^^^^^^^^^^
  File "/home/sahee/biloop/accounting/backend/.venv/lib/python3.12/site-packages/django/core/handlers/base.py", line 198, in _get_response
    response = wrapped_callback(request, *callback_args, **callback_kwargs)
               ^^^^^^^^^^^^^^^^^^^^^^^^^^^^^^^^^^^^^^^^^^^^^^^^^^^^^^^^^^^^
  File "/home/sahee/biloop/accounting/backend/.venv/lib/python3.12/site-packages/django/views/decorators/csrf.py", line 65, in _view_wrapper
    return view_func(request, *args, **kwargs)
           ^^^^^^^^^^^^^^^^^^^^^^^^^^^^^^^^^^^
  File "/home/sahee/biloop/accounting/backend/.venv/lib/python3.12/site-packages/django/views/generic/base.py", line 106, in view
    return self.dispatch(request, *args, **kwargs)
           ^^^^^^^^^^^^^^^^^^^^^^^^^^^^^^^^^^^^^^^
  File "/home/sahee/biloop/accounting/backend/.venv/lib/python3.12/site-packages/rest_framework/views.py", line 515, in dispatch
    response = self.handle_exception(exc)
               ^^^^^^^^^^^^^^^^^^^^^^^^^^
  File "/home/sahee/biloop/accounting/backend/.venv/lib/python3.12/site-packages/rest_framework/views.py", line 475, in handle_exception
    self.raise_uncaught_exception(exc)
  File "/home/sahee/biloop/accounting/backend/.venv/lib/python3.12/site-packages/rest_framework/views.py", line 486, in raise_uncaught_exception
    raise exc
  File "/home/sahee/biloop/accounting/backend/.venv/lib/python3.12/site-packages/rest_framework/views.py", line 512, in dispatch
    response = handler(request, *args, **kwargs)
               ^^^^^^^^^^^^^^^^^^^^^^^^^^^^^^^^^
  File "/home/sahee/biloop/accounting/backend/sync/views.py", line 24, in post
    result = service.sync_all()
             ^^^^^^^^^^^^^^^^^^
  File "/home/sahee/biloop/accounting/backend/sync/services.py", line 205, in sync_all
    return_count = self.sync_returns(SyncLog.get_last_id('return'))
                   ^^^^^^^^^^^^^^^^^^^^^^^^^^^^^^^^^^^^^^^^^^^^^^^^
  File "/home/sahee/biloop/accounting/backend/sync/services.py", line 126, in sync_returns
    for ret in returns:
  File "/home/sahee/biloop/accounting/backend/.venv/lib/python3.12/site-packages/django/db/models/query.py", line 390, in __iter__
    self._fetch_all()
  File "/home/sahee/biloop/accounting/backend/.venv/lib/python3.12/site-packages/django/db/models/query.py", line 2000, in _fetch_all
    self._result_cache = list(self._iterable_class(self))
                         ^^^^^^^^^^^^^^^^^^^^^^^^^^^^^^^^
  File "/home/sahee/biloop/accounting/backend/.venv/lib/python3.12/site-packages/django/db/models/query.py", line 95, in __iter__
    results = compiler.execute_sql(
              ^^^^^^^^^^^^^^^^^^^^^
  File "/home/sahee/biloop/accounting/backend/.venv/lib/python3.12/site-packages/django/db/models/sql/compiler.py", line 1624, in execute_sql
    cursor.execute(sql, params)
  File "/home/sahee/biloop/accounting/backend/.venv/lib/python3.12/site-packages/django/db/backends/utils.py", line 122, in execute
    return super().execute(sql, params)
           ^^^^^^^^^^^^^^^^^^^^^^^^^^^^
  File "/home/sahee/biloop/accounting/backend/.venv/lib/python3.12/site-packages/django/db/backends/utils.py", line 79, in execute
    return self._execute_with_wrappers(
           ^^^^^^^^^^^^^^^^^^^^^^^^^^^^
  File "/home/sahee/biloop/accounting/backend/.venv/lib/python3.12/site-packages/django/db/backends/utils.py", line 92, in _execute_with_wrappers
    return executor(sql, params, many, context)
           ^^^^^^^^^^^^^^^^^^^^^^^^^^^^^^^^^^^^
  File "/home/sahee/biloop/accounting/backend/.venv/lib/python3.12/site-packages/django/db/backends/utils.py", line 100, in _execute
    with self.db.wrap_database_errors:
  File "/home/sahee/biloop/accounting/backend/.venv/lib/python3.12/site-packages/django/db/utils.py", line 94, in __exit__
    raise dj_exc_value.with_traceback(traceback) from exc_value
  File "/home/sahee/biloop/accounting/backend/.venv/lib/python3.12/site-packages/django/db/backends/utils.py", line 105, in _execute
    return self.cursor.execute(sql, params)
           ^^^^^^^^^^^^^^^^^^^^^^^^^^^^^^^^
  File "/home/sahee/biloop/accounting/backend/.venv/lib/python3.12/site-packages/django/db/backends/sqlite3/base.py", line 359, in execute
    return super().execute(query, params)
           ^^^^^^^^^^^^^^^^^^^^^^^^^^^^^^
django.db.utils.OperationalError: no such column: sales_return_salesreturn.original_invoice_no
2026-03-19 18:36:14,429 ERROR django.request Internal Server Error: /api/sync/run/
Traceback (most recent call last):
  File "/home/sahee/biloop/accounting/backend/.venv/lib/python3.12/site-packages/django/db/backends/utils.py", line 105, in _execute
    return self.cursor.execute(sql, params)
           ^^^^^^^^^^^^^^^^^^^^^^^^^^^^^^^^
  File "/home/sahee/biloop/accounting/backend/.venv/lib/python3.12/site-packages/django/db/backends/sqlite3/base.py", line 359, in execute
    return super().execute(query, params)
           ^^^^^^^^^^^^^^^^^^^^^^^^^^^^^^
sqlite3.OperationalError: no such column: sales_return_salesreturn.original_invoice_no

The above exception was the direct cause of the following exception:

Traceback (most recent call last):
  File "/home/sahee/biloop/accounting/backend/.venv/lib/python3.12/site-packages/django/core/handlers/exception.py", line 55, in inner
    response = get_response(request)
               ^^^^^^^^^^^^^^^^^^^^^
  File "/home/sahee/biloop/accounting/backend/.venv/lib/python3.12/site-packages/django/core/handlers/base.py", line 198, in _get_response
    response = wrapped_callback(request, *callback_args, **callback_kwargs)
               ^^^^^^^^^^^^^^^^^^^^^^^^^^^^^^^^^^^^^^^^^^^^^^^^^^^^^^^^^^^^
  File "/home/sahee/biloop/accounting/backend/.venv/lib/python3.12/site-packages/django/views/decorators/csrf.py", line 65, in _view_wrapper
    return view_func(request, *args, **kwargs)
           ^^^^^^^^^^^^^^^^^^^^^^^^^^^^^^^^^^^
  File "/home/sahee/biloop/accounting/backend/.venv/lib/python3.12/site-packages/django/views/generic/base.py", line 106, in view
    return self.dispatch(request, *args, **kwargs)
           ^^^^^^^^^^^^^^^^^^^^^^^^^^^^^^^^^^^^^^^
  File "/home/sahee/biloop/accounting/backend/.venv/lib/python3.12/site-packages/rest_framework/views.py", line 515, in dispatch
    response = self.handle_exception(exc)
               ^^^^^^^^^^^^^^^^^^^^^^^^^^
  File "/home/sahee/biloop/accounting/backend/.venv/lib/python3.12/site-packages/rest_framework/views.py", line 475, in handle_exception
    self.raise_uncaught_exception(exc)
  File "/home/sahee/biloop/accounting/backend/.venv/lib/python3.12/site-packages/rest_framework/views.py", line 486, in raise_uncaught_exception
    raise exc
  File "/home/sahee/biloop/accounting/backend/.venv/lib/python3.12/site-packages/rest_framework/views.py", line 512, in dispatch
    response = handler(request, *args, **kwargs)
               ^^^^^^^^^^^^^^^^^^^^^^^^^^^^^^^^^
  File "/home/sahee/biloop/accounting/backend/sync/views.py", line 24, in post
    result = service.sync_all()
             ^^^^^^^^^^^^^^^^^^
  File "/home/sahee/biloop/accounting/backend/sync/services.py", line 205, in sync_all
    return_count = self.sync_returns(SyncLog.get_last_id('return'))
                   ^^^^^^^^^^^^^^^^^^^^^^^^^^^^^^^^^^^^^^^^^^^^^^^^
  File "/home/sahee/biloop/accounting/backend/sync/services.py", line 126, in sync_returns
    for ret in returns:
  File "/home/sahee/biloop/accounting/backend/.venv/lib/python3.12/site-packages/django/db/models/query.py", line 390, in __iter__
    self._fetch_all()
  File "/home/sahee/biloop/accounting/backend/.venv/lib/python3.12/site-packages/django/db/models/query.py", line 2000, in _fetch_all
    self._result_cache = list(self._iterable_class(self))
                         ^^^^^^^^^^^^^^^^^^^^^^^^^^^^^^^^
  File "/home/sahee/biloop/accounting/backend/.venv/lib/python3.12/site-packages/django/db/models/query.py", line 95, in __iter__
    results = compiler.execute_sql(
              ^^^^^^^^^^^^^^^^^^^^^
  File "/home/sahee/biloop/accounting/backend/.venv/lib/python3.12/site-packages/django/db/models/sql/compiler.py", line 1624, in execute_sql
    cursor.execute(sql, params)
  File "/home/sahee/biloop/accounting/backend/.venv/lib/python3.12/site-packages/django/db/backends/utils.py", line 122, in execute
    return super().execute(sql, params)
           ^^^^^^^^^^^^^^^^^^^^^^^^^^^^
  File "/home/sahee/biloop/accounting/backend/.venv/lib/python3.12/site-packages/django/db/backends/utils.py", line 79, in execute
    return self._execute_with_wrappers(
           ^^^^^^^^^^^^^^^^^^^^^^^^^^^^
  File "/home/sahee/biloop/accounting/backend/.venv/lib/python3.12/site-packages/django/db/backends/utils.py", line 92, in _execute_with_wrappers
    return executor(sql, params, many, context)
           ^^^^^^^^^^^^^^^^^^^^^^^^^^^^^^^^^^^^
  File "/home/sahee/biloop/accounting/backend/.venv/lib/python3.12/site-packages/django/db/backends/utils.py", line 100, in _execute
    with self.db.wrap_database_errors:
  File "/home/sahee/biloop/accounting/backend/.venv/lib/python3.12/site-packages/django/db/utils.py", line 94, in __exit__
    raise dj_exc_value.with_traceback(traceback) from exc_value
  File "/home/sahee/biloop/accounting/backend/.venv/lib/python3.12/site-packages/django/db/backends/utils.py", line 105, in _execute
    return self.cursor.execute(sql, params)
           ^^^^^^^^^^^^^^^^^^^^^^^^^^^^^^^^
  File "/home/sahee/biloop/accounting/backend/.venv/lib/python3.12/site-packages/django/db/backends/sqlite3/base.py", line 359, in execute
    return super().execute(query, params)
           ^^^^^^^^^^^^^^^^^^^^^^^^^^^^^^
django.db.utils.OperationalError: no such column: sales_return_salesreturn.original_invoice_no
2026-03-19 18:43:18,793 INFO django.utils.autoreload /home/sahee/biloop/accounting/backend/inventory_reader/models.py changed, reloading.
2026-03-19 18:43:19,042 INFO django.utils.autoreload Watching for file changes with StatReloader
2026-03-19 18:43:24,188 INFO django.utils.autoreload /home/sahee/biloop/accounting/backend/inventory_reader/models.py changed, reloading.
2026-03-19 18:43:24,421 INFO django.utils.autoreload Watching for file changes with StatReloader
2026-03-19 18:43:29,577 INFO django.utils.autoreload /home/sahee/biloop/accounting/backend/inventory_reader/models.py changed, reloading.
2026-03-19 18:43:29,805 INFO django.utils.autoreload Watching for file changes with StatReloader
2026-03-19 18:43:31,945 INFO django.utils.autoreload /home/sahee/biloop/accounting/backend/gst_returns/services.py changed, reloading.
2026-03-19 18:43:32,156 INFO django.utils.autoreload Watching for file changes with StatReloader
2026-03-19 19:41:24,957 WARNING django.request Not Found: /
2026-03-27 21:37:08,621 INFO django.utils.autoreload Watching for file changes with StatReloader
2026-03-27 21:37:17,128 WARNING django.request Unauthorized: /api/accounts/dashboard/
2026-03-27 21:37:17,133 WARNING django.request Unauthorized: /api/accounts/dashboard/
2026-03-27 21:37:21,343 ERROR django.request Internal Server Error: /api/accounts/dashboard/
Traceback (most recent call last):
  File "/home/sahee/biloop/accounting/backend/.venv/lib/python3.12/site-packages/django/db/backends/utils.py", line 105, in _execute
    return self.cursor.execute(sql, params)
           ^^^^^^^^^^^^^^^^^^^^^^^^^^^^^^^^
  File "/home/sahee/biloop/accounting/backend/.venv/lib/python3.12/site-packages/django/db/backends/sqlite3/base.py", line 359, in execute
    return super().execute(query, params)
           ^^^^^^^^^^^^^^^^^^^^^^^^^^^^^^
sqlite3.OperationalError: no such table: core_accountingsettings

The above exception was the direct cause of the following exception:

Traceback (most recent call last):
  File "/home/sahee/biloop/accounting/backend/.venv/lib/python3.12/site-packages/django/core/handlers/exception.py", line 55, in inner
    response = get_response(request)
               ^^^^^^^^^^^^^^^^^^^^^
  File "/home/sahee/biloop/accounting/backend/.venv/lib/python3.12/site-packages/django/core/handlers/base.py", line 198, in _get_response
    response = wrapped_callback(request, *callback_args, **callback_kwargs)
               ^^^^^^^^^^^^^^^^^^^^^^^^^^^^^^^^^^^^^^^^^^^^^^^^^^^^^^^^^^^^
  File "/home/sahee/biloop/accounting/backend/.venv/lib/python3.12/site-packages/django/views/decorators/csrf.py", line 65, in _view_wrapper
    return view_func(request, *args, **kwargs)
           ^^^^^^^^^^^^^^^^^^^^^^^^^^^^^^^^^^^
  File "/home/sahee/biloop/accounting/backend/.venv/lib/python3.12/site-packages/django/views/generic/base.py", line 106, in view
    return self.dispatch(request, *args, **kwargs)
           ^^^^^^^^^^^^^^^^^^^^^^^^^^^^^^^^^^^^^^^
  File "/home/sahee/biloop/accounting/backend/.venv/lib/python3.12/site-packages/rest_framework/views.py", line 515, in dispatch
    response = self.handle_exception(exc)
               ^^^^^^^^^^^^^^^^^^^^^^^^^^
  File "/home/sahee/biloop/accounting/backend/.venv/lib/python3.12/site-packages/rest_framework/views.py", line 475, in handle_exception
    self.raise_uncaught_exception(exc)
  File "/home/sahee/biloop/accounting/backend/.venv/lib/python3.12/site-packages/rest_framework/views.py", line 486, in raise_uncaught_exception
    raise exc
  File "/home/sahee/biloop/accounting/backend/.venv/lib/python3.12/site-packages/rest_framework/views.py", line 512, in dispatch
    response = handler(request, *args, **kwargs)
               ^^^^^^^^^^^^^^^^^^^^^^^^^^^^^^^^^
  File "/home/sahee/biloop/accounting/backend/core/views.py", line 114, in get
    fy_start, fy_end = _get_fy_dates()
                       ^^^^^^^^^^^^^^^
  File "/home/sahee/biloop/accounting/backend/core/views.py", line 89, in _get_fy_dates
    settings = AccountingSettings.get_settings()
               ^^^^^^^^^^^^^^^^^^^^^^^^^^^^^^^^^
  File "/home/sahee/biloop/accounting/backend/core/models.py", line 31, in get_settings
    obj, _ = cls.objects.get_or_create(
             ^^^^^^^^^^^^^^^^^^^^^^^^^^
  File "/home/sahee/biloop/accounting/backend/.venv/lib/python3.12/site-packages/django/db/models/manager.py", line 87, in manager_method
    return getattr(self.get_queryset(), name)(*args, **kwargs)
           ^^^^^^^^^^^^^^^^^^^^^^^^^^^^^^^^^^^^^^^^^^^^^^^^^^^
  File "/home/sahee/biloop/accounting/backend/.venv/lib/python3.12/site-packages/django/db/models/query.py", line 987, in get_or_create
    return self.get(**kwargs), False
           ^^^^^^^^^^^^^^^^^^
  File "/home/sahee/biloop/accounting/backend/.venv/lib/python3.12/site-packages/django/db/models/query.py", line 635, in get
    num = len(clone)
          ^^^^^^^^^^
  File "/home/sahee/biloop/accounting/backend/.venv/lib/python3.12/site-packages/django/db/models/query.py", line 372, in __len__
    self._fetch_all()
  File "/home/sahee/biloop/accounting/backend/.venv/lib/python3.12/site-packages/django/db/models/query.py", line 2000, in _fetch_all
    self._result_cache = list(self._iterable_class(self))
                         ^^^^^^^^^^^^^^^^^^^^^^^^^^^^^^^^
  File "/home/sahee/biloop/accounting/backend/.venv/lib/python3.12/site-packages/django/db/models/query.py", line 95, in __iter__
    results = compiler.execute_sql(
              ^^^^^^^^^^^^^^^^^^^^^
  File "/home/sahee/biloop/accounting/backend/.venv/lib/python3.12/site-packages/django/db/models/sql/compiler.py", line 1624, in execute_sql
    cursor.execute(sql, params)
  File "/home/sahee/biloop/accounting/backend/.venv/lib/python3.12/site-packages/django/db/backends/utils.py", line 122, in execute
    return super().execute(sql, params)
           ^^^^^^^^^^^^^^^^^^^^^^^^^^^^
  File "/home/sahee/biloop/accounting/backend/.venv/lib/python3.12/site-packages/django/db/backends/utils.py", line 79, in execute
    return self._execute_with_wrappers(
           ^^^^^^^^^^^^^^^^^^^^^^^^^^^^
  File "/home/sahee/biloop/accounting/backend/.venv/lib/python3.12/site-packages/django/db/backends/utils.py", line 92, in _execute_with_wrappers
    return executor(sql, params, many, context)
           ^^^^^^^^^^^^^^^^^^^^^^^^^^^^^^^^^^^^
  File "/home/sahee/biloop/accounting/backend/.venv/lib/python3.12/site-packages/django/db/backends/utils.py", line 100, in _execute
    with self.db.wrap_database_errors:
  File "/home/sahee/biloop/accounting/backend/.venv/lib/python3.12/site-packages/django/db/utils.py", line 94, in __exit__
    raise dj_exc_value.with_traceback(traceback) from exc_value
  File "/home/sahee/biloop/accounting/backend/.venv/lib/python3.12/site-packages/django/db/backends/utils.py", line 105, in _execute
    return self.cursor.execute(sql, params)
           ^^^^^^^^^^^^^^^^^^^^^^^^^^^^^^^^
  File "/home/sahee/biloop/accounting/backend/.venv/lib/python3.12/site-packages/django/db/backends/sqlite3/base.py", line 359, in execute
    return super().execute(query, params)
           ^^^^^^^^^^^^^^^^^^^^^^^^^^^^^^
django.db.utils.OperationalError: no such table: core_accountingsettings
2026-03-27 21:37:21,359 ERROR django.request Internal Server Error: /api/accounts/dashboard/
Traceback (most recent call last):
  File "/home/sahee/biloop/accounting/backend/.venv/lib/python3.12/site-packages/django/db/backends/utils.py", line 105, in _execute
    return self.cursor.execute(sql, params)
           ^^^^^^^^^^^^^^^^^^^^^^^^^^^^^^^^
  File "/home/sahee/biloop/accounting/backend/.venv/lib/python3.12/site-packages/django/db/backends/sqlite3/base.py", line 359, in execute
    return super().execute(query, params)
           ^^^^^^^^^^^^^^^^^^^^^^^^^^^^^^
sqlite3.OperationalError: no such table: core_accountingsettings

The above exception was the direct cause of the following exception:

Traceback (most recent call last):
  File "/home/sahee/biloop/accounting/backend/.venv/lib/python3.12/site-packages/django/core/handlers/exception.py", line 55, in inner
    response = get_response(request)
               ^^^^^^^^^^^^^^^^^^^^^
  File "/home/sahee/biloop/accounting/backend/.venv/lib/python3.12/site-packages/django/core/handlers/base.py", line 198, in _get_response
    response = wrapped_callback(request, *callback_args, **callback_kwargs)
               ^^^^^^^^^^^^^^^^^^^^^^^^^^^^^^^^^^^^^^^^^^^^^^^^^^^^^^^^^^^^
  File "/home/sahee/biloop/accounting/backend/.venv/lib/python3.12/site-packages/django/views/decorators/csrf.py", line 65, in _view_wrapper
    return view_func(request, *args, **kwargs)
           ^^^^^^^^^^^^^^^^^^^^^^^^^^^^^^^^^^^
  File "/home/sahee/biloop/accounting/backend/.venv/lib/python3.12/site-packages/django/views/generic/base.py", line 106, in view
    return self.dispatch(request, *args, **kwargs)
           ^^^^^^^^^^^^^^^^^^^^^^^^^^^^^^^^^^^^^^^
  File "/home/sahee/biloop/accounting/backend/.venv/lib/python3.12/site-packages/rest_framework/views.py", line 515, in dispatch
    response = self.handle_exception(exc)
               ^^^^^^^^^^^^^^^^^^^^^^^^^^
  File "/home/sahee/biloop/accounting/backend/.venv/lib/python3.12/site-packages/rest_framework/views.py", line 475, in handle_exception
    self.raise_uncaught_exception(exc)
  File "/home/sahee/biloop/accounting/backend/.venv/lib/python3.12/site-packages/rest_framework/views.py", line 486, in raise_uncaught_exception
    raise exc
  File "/home/sahee/biloop/accounting/backend/.venv/lib/python3.12/site-packages/rest_framework/views.py", line 512, in dispatch
    response = handler(request, *args, **kwargs)
               ^^^^^^^^^^^^^^^^^^^^^^^^^^^^^^^^^
  File "/home/sahee/biloop/accounting/backend/core/views.py", line 114, in get
    fy_start, fy_end = _get_fy_dates()
                       ^^^^^^^^^^^^^^^
  File "/home/sahee/biloop/accounting/backend/core/views.py", line 89, in _get_fy_dates
    settings = AccountingSettings.get_settings()
               ^^^^^^^^^^^^^^^^^^^^^^^^^^^^^^^^^
  File "/home/sahee/biloop/accounting/backend/core/models.py", line 31, in get_settings
    obj, _ = cls.objects.get_or_create(
             ^^^^^^^^^^^^^^^^^^^^^^^^^^
  File "/home/sahee/biloop/accounting/backend/.venv/lib/python3.12/site-packages/django/db/models/manager.py", line 87, in manager_method
    return getattr(self.get_queryset(), name)(*args, **kwargs)
           ^^^^^^^^^^^^^^^^^^^^^^^^^^^^^^^^^^^^^^^^^^^^^^^^^^^
  File "/home/sahee/biloop/accounting/backend/.venv/lib/python3.12/site-packages/django/db/models/query.py", line 987, in get_or_create
    return self.get(**kwargs), False
           ^^^^^^^^^^^^^^^^^^
  File "/home/sahee/biloop/accounting/backend/.venv/lib/python3.12/site-packages/django/db/models/query.py", line 635, in get
    num = len(clone)
          ^^^^^^^^^^
  File "/home/sahee/biloop/accounting/backend/.venv/lib/python3.12/site-packages/django/db/models/query.py", line 372, in __len__
    self._fetch_all()
  File "/home/sahee/biloop/accounting/backend/.venv/lib/python3.12/site-packages/django/db/models/query.py", line 2000, in _fetch_all
    self._result_cache = list(self._iterable_class(self))
                         ^^^^^^^^^^^^^^^^^^^^^^^^^^^^^^^^
  File "/home/sahee/biloop/accounting/backend/.venv/lib/python3.12/site-packages/django/db/models/query.py", line 95, in __iter__
    results = compiler.execute_sql(
              ^^^^^^^^^^^^^^^^^^^^^
  File "/home/sahee/biloop/accounting/backend/.venv/lib/python3.12/site-packages/django/db/models/sql/compiler.py", line 1624, in execute_sql
    cursor.execute(sql, params)
  File "/home/sahee/biloop/accounting/backend/.venv/lib/python3.12/site-packages/django/db/backends/utils.py", line 122, in execute
    return super().execute(sql, params)
           ^^^^^^^^^^^^^^^^^^^^^^^^^^^^
  File "/home/sahee/biloop/accounting/backend/.venv/lib/python3.12/site-packages/django/db/backends/utils.py", line 79, in execute
    return self._execute_with_wrappers(
           ^^^^^^^^^^^^^^^^^^^^^^^^^^^^
  File "/home/sahee/biloop/accounting/backend/.venv/lib/python3.12/site-packages/django/db/backends/utils.py", line 92, in _execute_with_wrappers
    return executor(sql, params, many, context)
           ^^^^^^^^^^^^^^^^^^^^^^^^^^^^^^^^^^^^
  File "/home/sahee/biloop/accounting/backend/.venv/lib/python3.12/site-packages/django/db/backends/utils.py", line 100, in _execute
    with self.db.wrap_database_errors:
  File "/home/sahee/biloop/accounting/backend/.venv/lib/python3.12/site-packages/django/db/utils.py", line 94, in __exit__
    raise dj_exc_value.with_traceback(traceback) from exc_value
  File "/home/sahee/biloop/accounting/backend/.venv/lib/python3.12/site-packages/django/db/backends/utils.py", line 105, in _execute
    return self.cursor.execute(sql, params)
           ^^^^^^^^^^^^^^^^^^^^^^^^^^^^^^^^
  File "/home/sahee/biloop/accounting/backend/.venv/lib/python3.12/site-packages/django/db/backends/sqlite3/base.py", line 359, in execute
    return super().execute(query, params)
           ^^^^^^^^^^^^^^^^^^^^^^^^^^^^^^
django.db.utils.OperationalError: no such table: core_accountingsettings
2026-03-27 21:37:24,940 ERROR django.request Internal Server Error: /api/accounts/chart-of-accounts/
Traceback (most recent call last):
  File "/home/sahee/biloop/accounting/backend/.venv/lib/python3.12/site-packages/django/db/backends/utils.py", line 105, in _execute
    return self.cursor.execute(sql, params)
           ^^^^^^^^^^^^^^^^^^^^^^^^^^^^^^^^
  File "/home/sahee/biloop/accounting/backend/.venv/lib/python3.12/site-packages/django/db/backends/sqlite3/base.py", line 359, in execute
    return super().execute(query, params)
           ^^^^^^^^^^^^^^^^^^^^^^^^^^^^^^
sqlite3.OperationalError: no such table: core_chartofaccount

The above exception was the direct cause of the following exception:

Traceback (most recent call last):
  File "/home/sahee/biloop/accounting/backend/.venv/lib/python3.12/site-packages/django/core/handlers/exception.py", line 55, in inner
    response = get_response(request)
               ^^^^^^^^^^^^^^^^^^^^^
  File "/home/sahee/biloop/accounting/backend/.venv/lib/python3.12/site-packages/django/core/handlers/base.py", line 198, in _get_response
    response = wrapped_callback(request, *callback_args, **callback_kwargs)
               ^^^^^^^^^^^^^^^^^^^^^^^^^^^^^^^^^^^^^^^^^^^^^^^^^^^^^^^^^^^^
  File "/home/sahee/biloop/accounting/backend/.venv/lib/python3.12/site-packages/django/views/decorators/csrf.py", line 65, in _view_wrapper
    return view_func(request, *args, **kwargs)
           ^^^^^^^^^^^^^^^^^^^^^^^^^^^^^^^^^^^
  File "/home/sahee/biloop/accounting/backend/.venv/lib/python3.12/site-packages/rest_framework/viewsets.py", line 125, in view
    return self.dispatch(request, *args, **kwargs)
           ^^^^^^^^^^^^^^^^^^^^^^^^^^^^^^^^^^^^^^^
  File "/home/sahee/biloop/accounting/backend/.venv/lib/python3.12/site-packages/rest_framework/views.py", line 515, in dispatch
    response = self.handle_exception(exc)
               ^^^^^^^^^^^^^^^^^^^^^^^^^^
  File "/home/sahee/biloop/accounting/backend/.venv/lib/python3.12/site-packages/rest_framework/views.py", line 475, in handle_exception
    self.raise_uncaught_exception(exc)
  File "/home/sahee/biloop/accounting/backend/.venv/lib/python3.12/site-packages/rest_framework/views.py", line 486, in raise_uncaught_exception
    raise exc
  File "/home/sahee/biloop/accounting/backend/.venv/lib/python3.12/site-packages/rest_framework/views.py", line 512, in dispatch
    response = handler(request, *args, **kwargs)
               ^^^^^^^^^^^^^^^^^^^^^^^^^^^^^^^^^
  File "/home/sahee/biloop/accounting/backend/.venv/lib/python3.12/site-packages/rest_framework/mixins.py", line 46, in list
    return Response(serializer.data)
                    ^^^^^^^^^^^^^^^
  File "/home/sahee/biloop/accounting/backend/.venv/lib/python3.12/site-packages/rest_framework/serializers.py", line 797, in data
    ret = super().data
          ^^^^^^^^^^^^
  File "/home/sahee/biloop/accounting/backend/.venv/lib/python3.12/site-packages/rest_framework/serializers.py", line 251, in data
    self._data = self.to_representation(self.instance)
                 ^^^^^^^^^^^^^^^^^^^^^^^^^^^^^^^^^^^^^
  File "/home/sahee/biloop/accounting/backend/.venv/lib/python3.12/site-packages/rest_framework/serializers.py", line 715, in to_representation
    return [
           ^
  File "/home/sahee/biloop/accounting/backend/.venv/lib/python3.12/site-packages/django/db/models/query.py", line 390, in __iter__
    self._fetch_all()
  File "/home/sahee/biloop/accounting/backend/.venv/lib/python3.12/site-packages/django/db/models/query.py", line 2000, in _fetch_all
    self._result_cache = list(self._iterable_class(self))
                         ^^^^^^^^^^^^^^^^^^^^^^^^^^^^^^^^
  File "/home/sahee/biloop/accounting/backend/.venv/lib/python3.12/site-packages/django/db/models/query.py", line 95, in __iter__
    results = compiler.execute_sql(
              ^^^^^^^^^^^^^^^^^^^^^
  File "/home/sahee/biloop/accounting/backend/.venv/lib/python3.12/site-packages/django/db/models/sql/compiler.py", line 1624, in execute_sql
    cursor.execute(sql, params)
  File "/home/sahee/biloop/accounting/backend/.venv/lib/python3.12/site-packages/django/db/backends/utils.py", line 122, in execute
    return super().execute(sql, params)
           ^^^^^^^^^^^^^^^^^^^^^^^^^^^^
  File "/home/sahee/biloop/accounting/backend/.venv/lib/python3.12/site-packages/django/db/backends/utils.py", line 79, in execute
    return self._execute_with_wrappers(
           ^^^^^^^^^^^^^^^^^^^^^^^^^^^^
  File "/home/sahee/biloop/accounting/backend/.venv/lib/python3.12/site-packages/django/db/backends/utils.py", line 92, in _execute_with_wrappers
    return executor(sql, params, many, context)
           ^^^^^^^^^^^^^^^^^^^^^^^^^^^^^^^^^^^^
  File "/home/sahee/biloop/accounting/backend/.venv/lib/python3.12/site-packages/django/db/backends/utils.py", line 100, in _execute
    with self.db.wrap_database_errors:
  File "/home/sahee/biloop/accounting/backend/.venv/lib/python3.12/site-packages/django/db/utils.py", line 94, in __exit__
    raise dj_exc_value.with_traceback(traceback) from exc_value
  File "/home/sahee/biloop/accounting/backend/.venv/lib/python3.12/site-packages/django/db/backends/utils.py", line 105, in _execute
    return self.cursor.execute(sql, params)
           ^^^^^^^^^^^^^^^^^^^^^^^^^^^^^^^^
  File "/home/sahee/biloop/accounting/backend/.venv/lib/python3.12/site-packages/django/db/backends/sqlite3/base.py", line 359, in execute
    return super().execute(query, params)
           ^^^^^^^^^^^^^^^^^^^^^^^^^^^^^^
django.db.utils.OperationalError: no such table: core_chartofaccount
2026-03-27 21:37:24,946 ERROR django.request Internal Server Error: /api/accounts/chart-of-accounts/tree/
Traceback (most recent call last):
  File "/home/sahee/biloop/accounting/backend/.venv/lib/python3.12/site-packages/django/db/backends/utils.py", line 105, in _execute
    return self.cursor.execute(sql, params)
           ^^^^^^^^^^^^^^^^^^^^^^^^^^^^^^^^
  File "/home/sahee/biloop/accounting/backend/.venv/lib/python3.12/site-packages/django/db/backends/sqlite3/base.py", line 359, in execute
    return super().execute(query, params)
           ^^^^^^^^^^^^^^^^^^^^^^^^^^^^^^
sqlite3.OperationalError: no such table: core_chartofaccount

The above exception was the direct cause of the following exception:

Traceback (most recent call last):
  File "/home/sahee/biloop/accounting/backend/.venv/lib/python3.12/site-packages/django/core/handlers/exception.py", line 55, in inner
    response = get_response(request)
               ^^^^^^^^^^^^^^^^^^^^^
  File "/home/sahee/biloop/accounting/backend/.venv/lib/python3.12/site-packages/django/core/handlers/base.py", line 198, in _get_response
    response = wrapped_callback(request, *callback_args, **callback_kwargs)
               ^^^^^^^^^^^^^^^^^^^^^^^^^^^^^^^^^^^^^^^^^^^^^^^^^^^^^^^^^^^^
  File "/home/sahee/biloop/accounting/backend/.venv/lib/python3.12/site-packages/django/views/decorators/csrf.py", line 65, in _view_wrapper
    return view_func(request, *args, **kwargs)
           ^^^^^^^^^^^^^^^^^^^^^^^^^^^^^^^^^^^
  File "/home/sahee/biloop/accounting/backend/.venv/lib/python3.12/site-packages/rest_framework/viewsets.py", line 125, in view
    return self.dispatch(request, *args, **kwargs)
           ^^^^^^^^^^^^^^^^^^^^^^^^^^^^^^^^^^^^^^^
  File "/home/sahee/biloop/accounting/backend/.venv/lib/python3.12/site-packages/rest_framework/views.py", line 515, in dispatch
    response = self.handle_exception(exc)
               ^^^^^^^^^^^^^^^^^^^^^^^^^^
  File "/home/sahee/biloop/accounting/backend/.venv/lib/python3.12/site-packages/rest_framework/views.py", line 475, in handle_exception
    self.raise_uncaught_exception(exc)
  File "/home/sahee/biloop/accounting/backend/.venv/lib/python3.12/site-packages/rest_framework/views.py", line 486, in raise_uncaught_exception
    raise exc
  File "/home/sahee/biloop/accounting/backend/.venv/lib/python3.12/site-packages/rest_framework/views.py", line 512, in dispatch
    response = handler(request, *args, **kwargs)
               ^^^^^^^^^^^^^^^^^^^^^^^^^^^^^^^^^
  File "/home/sahee/biloop/accounting/backend/core/views.py", line 56, in tree
    return Response(serializer.data)
                    ^^^^^^^^^^^^^^^
  File "/home/sahee/biloop/accounting/backend/.venv/lib/python3.12/site-packages/rest_framework/serializers.py", line 797, in data
    ret = super().data
          ^^^^^^^^^^^^
  File "/home/sahee/biloop/accounting/backend/.venv/lib/python3.12/site-packages/rest_framework/serializers.py", line 251, in data
    self._data = self.to_representation(self.instance)
                 ^^^^^^^^^^^^^^^^^^^^^^^^^^^^^^^^^^^^^
  File "/home/sahee/biloop/accounting/backend/.venv/lib/python3.12/site-packages/rest_framework/serializers.py", line 715, in to_representation
    return [
           ^
  File "/home/sahee/biloop/accounting/backend/.venv/lib/python3.12/site-packages/django/db/models/query.py", line 390, in __iter__
    self._fetch_all()
  File "/home/sahee/biloop/accounting/backend/.venv/lib/python3.12/site-packages/django/db/models/query.py", line 2000, in _fetch_all
    self._result_cache = list(self._iterable_class(self))
                         ^^^^^^^^^^^^^^^^^^^^^^^^^^^^^^^^
  File "/home/sahee/biloop/accounting/backend/.venv/lib/python3.12/site-packages/django/db/models/query.py", line 95, in __iter__
    results = compiler.execute_sql(
              ^^^^^^^^^^^^^^^^^^^^^
  File "/home/sahee/biloop/accounting/backend/.venv/lib/python3.12/site-packages/django/db/models/sql/compiler.py", line 1624, in execute_sql
    cursor.execute(sql, params)
  File "/home/sahee/biloop/accounting/backend/.venv/lib/python3.12/site-packages/django/db/backends/utils.py", line 122, in execute
    return super().execute(sql, params)
           ^^^^^^^^^^^^^^^^^^^^^^^^^^^^
  File "/home/sahee/biloop/accounting/backend/.venv/lib/python3.12/site-packages/django/db/backends/utils.py", line 79, in execute
    return self._execute_with_wrappers(
           ^^^^^^^^^^^^^^^^^^^^^^^^^^^^
  File "/home/sahee/biloop/accounting/backend/.venv/lib/python3.12/site-packages/django/db/backends/utils.py", line 92, in _execute_with_wrappers
    return executor(sql, params, many, context)
           ^^^^^^^^^^^^^^^^^^^^^^^^^^^^^^^^^^^^
  File "/home/sahee/biloop/accounting/backend/.venv/lib/python3.12/site-packages/django/db/backends/utils.py", line 100, in _execute
    with self.db.wrap_database_errors:
  File "/home/sahee/biloop/accounting/backend/.venv/lib/python3.12/site-packages/django/db/utils.py", line 94, in __exit__
    raise dj_exc_value.with_traceback(traceback) from exc_value
  File "/home/sahee/biloop/accounting/backend/.venv/lib/python3.12/site-packages/django/db/backends/utils.py", line 105, in _execute
    return self.cursor.execute(sql, params)
           ^^^^^^^^^^^^^^^^^^^^^^^^^^^^^^^^
  File "/home/sahee/biloop/accounting/backend/.venv/lib/python3.12/site-packages/django/db/backends/sqlite3/base.py", line 359, in execute
    return super().execute(query, params)
           ^^^^^^^^^^^^^^^^^^^^^^^^^^^^^^
django.db.utils.OperationalError: no such table: core_chartofaccount
2026-03-27 21:37:24,972 ERROR django.request Internal Server Error: /api/accounts/chart-of-accounts/tree/
Traceback (most recent call last):
  File "/home/sahee/biloop/accounting/backend/.venv/lib/python3.12/site-packages/django/db/backends/utils.py", line 105, in _execute
    return self.cursor.execute(sql, params)
           ^^^^^^^^^^^^^^^^^^^^^^^^^^^^^^^^
  File "/home/sahee/biloop/accounting/backend/.venv/lib/python3.12/site-packages/django/db/backends/sqlite3/base.py", line 359, in execute
    return super().execute(query, params)
           ^^^^^^^^^^^^^^^^^^^^^^^^^^^^^^
sqlite3.OperationalError: no such table: core_chartofaccount

The above exception was the direct cause of the following exception:

Traceback (most recent call last):
  File "/home/sahee/biloop/accounting/backend/.venv/lib/python3.12/site-packages/django/core/handlers/exception.py", line 55, in inner
    response = get_response(request)
               ^^^^^^^^^^^^^^^^^^^^^
  File "/home/sahee/biloop/accounting/backend/.venv/lib/python3.12/site-packages/django/core/handlers/base.py", line 198, in _get_response
    response = wrapped_callback(request, *callback_args, **callback_kwargs)
               ^^^^^^^^^^^^^^^^^^^^^^^^^^^^^^^^^^^^^^^^^^^^^^^^^^^^^^^^^^^^
  File "/home/sahee/biloop/accounting/backend/.venv/lib/python3.12/site-packages/django/views/decorators/csrf.py", line 65, in _view_wrapper
    return view_func(request, *args, **kwargs)
           ^^^^^^^^^^^^^^^^^^^^^^^^^^^^^^^^^^^
  File "/home/sahee/biloop/accounting/backend/.venv/lib/python3.12/site-packages/rest_framework/viewsets.py", line 125, in view
    return self.dispatch(request, *args, **kwargs)
           ^^^^^^^^^^^^^^^^^^^^^^^^^^^^^^^^^^^^^^^
  File "/home/sahee/biloop/accounting/backend/.venv/lib/python3.12/site-packages/rest_framework/views.py", line 515, in dispatch
    response = self.handle_exception(exc)
               ^^^^^^^^^^^^^^^^^^^^^^^^^^
  File "/home/sahee/biloop/accounting/backend/.venv/lib/python3.12/site-packages/rest_framework/views.py", line 475, in handle_exception
    self.raise_uncaught_exception(exc)
  File "/home/sahee/biloop/accounting/backend/.venv/lib/python3.12/site-packages/rest_framework/views.py", line 486, in raise_uncaught_exception
    raise exc
  File "/home/sahee/biloop/accounting/backend/.venv/lib/python3.12/site-packages/rest_framework/views.py", line 512, in dispatch
    response = handler(request, *args, **kwargs)
               ^^^^^^^^^^^^^^^^^^^^^^^^^^^^^^^^^
  File "/home/sahee/biloop/accounting/backend/core/views.py", line 56, in tree
    return Response(serializer.data)
                    ^^^^^^^^^^^^^^^
  File "/home/sahee/biloop/accounting/backend/.venv/lib/python3.12/site-packages/rest_framework/serializers.py", line 797, in data
    ret = super().data
          ^^^^^^^^^^^^
  File "/home/sahee/biloop/accounting/backend/.venv/lib/python3.12/site-packages/rest_framework/serializers.py", line 251, in data
    self._data = self.to_representation(self.instance)
                 ^^^^^^^^^^^^^^^^^^^^^^^^^^^^^^^^^^^^^
  File "/home/sahee/biloop/accounting/backend/.venv/lib/python3.12/site-packages/rest_framework/serializers.py", line 715, in to_representation
    return [
           ^
  File "/home/sahee/biloop/accounting/backend/.venv/lib/python3.12/site-packages/django/db/models/query.py", line 390, in __iter__
    self._fetch_all()
  File "/home/sahee/biloop/accounting/backend/.venv/lib/python3.12/site-packages/django/db/models/query.py", line 2000, in _fetch_all
    self._result_cache = list(self._iterable_class(self))
                         ^^^^^^^^^^^^^^^^^^^^^^^^^^^^^^^^
  File "/home/sahee/biloop/accounting/backend/.venv/lib/python3.12/site-packages/django/db/models/query.py", line 95, in __iter__
    results = compiler.execute_sql(
              ^^^^^^^^^^^^^^^^^^^^^
  File "/home/sahee/biloop/accounting/backend/.venv/lib/python3.12/site-packages/django/db/models/sql/compiler.py", line 1624, in execute_sql
    cursor.execute(sql, params)
  File "/home/sahee/biloop/accounting/backend/.venv/lib/python3.12/site-packages/django/db/backends/utils.py", line 122, in execute
    return super().execute(sql, params)
           ^^^^^^^^^^^^^^^^^^^^^^^^^^^^
  File "/home/sahee/biloop/accounting/backend/.venv/lib/python3.12/site-packages/django/db/backends/utils.py", line 79, in execute
    return self._execute_with_wrappers(
           ^^^^^^^^^^^^^^^^^^^^^^^^^^^^
  File "/home/sahee/biloop/accounting/backend/.venv/lib/python3.12/site-packages/django/db/backends/utils.py", line 92, in _execute_with_wrappers
    return executor(sql, params, many, context)
           ^^^^^^^^^^^^^^^^^^^^^^^^^^^^^^^^^^^^
  File "/home/sahee/biloop/accounting/backend/.venv/lib/python3.12/site-packages/django/db/backends/utils.py", line 100, in _execute
    with self.db.wrap_database_errors:
  File "/home/sahee/biloop/accounting/backend/.venv/lib/python3.12/site-packages/django/db/utils.py", line 94, in __exit__
    raise dj_exc_value.with_traceback(traceback) from exc_value
  File "/home/sahee/biloop/accounting/backend/.venv/lib/python3.12/site-packages/django/db/backends/utils.py", line 105, in _execute
    return self.cursor.execute(sql, params)
           ^^^^^^^^^^^^^^^^^^^^^^^^^^^^^^^^
  File "/home/sahee/biloop/accounting/backend/.venv/lib/python3.12/site-packages/django/db/backends/sqlite3/base.py", line 359, in execute
    return super().execute(query, params)
           ^^^^^^^^^^^^^^^^^^^^^^^^^^^^^^
django.db.utils.OperationalError: no such table: core_chartofaccount
2026-03-27 21:37:24,976 ERROR django.request Internal Server Error: /api/accounts/chart-of-accounts/
Traceback (most recent call last):
  File "/home/sahee/biloop/accounting/backend/.venv/lib/python3.12/site-packages/django/db/backends/utils.py", line 105, in _execute
    return self.cursor.execute(sql, params)
           ^^^^^^^^^^^^^^^^^^^^^^^^^^^^^^^^
  File "/home/sahee/biloop/accounting/backend/.venv/lib/python3.12/site-packages/django/db/backends/sqlite3/base.py", line 359, in execute
    return super().execute(query, params)
           ^^^^^^^^^^^^^^^^^^^^^^^^^^^^^^
sqlite3.OperationalError: no such table: core_chartofaccount

The above exception was the direct cause of the following exception:

Traceback (most recent call last):
  File "/home/sahee/biloop/accounting/backend/.venv/lib/python3.12/site-packages/django/core/handlers/exception.py", line 55, in inner
    response = get_response(request)
               ^^^^^^^^^^^^^^^^^^^^^
  File "/home/sahee/biloop/accounting/backend/.venv/lib/python3.12/site-packages/django/core/handlers/base.py", line 198, in _get_response
    response = wrapped_callback(request, *callback_args, **callback_kwargs)
               ^^^^^^^^^^^^^^^^^^^^^^^^^^^^^^^^^^^^^^^^^^^^^^^^^^^^^^^^^^^^
  File "/home/sahee/biloop/accounting/backend/.venv/lib/python3.12/site-packages/django/views/decorators/csrf.py", line 65, in _view_wrapper
    return view_func(request, *args, **kwargs)
           ^^^^^^^^^^^^^^^^^^^^^^^^^^^^^^^^^^^
  File "/home/sahee/biloop/accounting/backend/.venv/lib/python3.12/site-packages/rest_framework/viewsets.py", line 125, in view
    return self.dispatch(request, *args, **kwargs)
           ^^^^^^^^^^^^^^^^^^^^^^^^^^^^^^^^^^^^^^^
  File "/home/sahee/biloop/accounting/backend/.venv/lib/python3.12/site-packages/rest_framework/views.py", line 515, in dispatch
    response = self.handle_exception(exc)
               ^^^^^^^^^^^^^^^^^^^^^^^^^^
  File "/home/sahee/biloop/accounting/backend/.venv/lib/python3.12/site-packages/rest_framework/views.py", line 475, in handle_exception
    self.raise_uncaught_exception(exc)
  File "/home/sahee/biloop/accounting/backend/.venv/lib/python3.12/site-packages/rest_framework/views.py", line 486, in raise_uncaught_exception
    raise exc
  File "/home/sahee/biloop/accounting/backend/.venv/lib/python3.12/site-packages/rest_framework/views.py", line 512, in dispatch
    response = handler(request, *args, **kwargs)
               ^^^^^^^^^^^^^^^^^^^^^^^^^^^^^^^^^
  File "/home/sahee/biloop/accounting/backend/.venv/lib/python3.12/site-packages/rest_framework/mixins.py", line 46, in list
    return Response(serializer.data)
                    ^^^^^^^^^^^^^^^
  File "/home/sahee/biloop/accounting/backend/.venv/lib/python3.12/site-packages/rest_framework/serializers.py", line 797, in data
    ret = super().data
          ^^^^^^^^^^^^
  File "/home/sahee/biloop/accounting/backend/.venv/lib/python3.12/site-packages/rest_framework/serializers.py", line 251, in data
    self._data = self.to_representation(self.instance)
                 ^^^^^^^^^^^^^^^^^^^^^^^^^^^^^^^^^^^^^
  File "/home/sahee/biloop/accounting/backend/.venv/lib/python3.12/site-packages/rest_framework/serializers.py", line 715, in to_representation
    return [
           ^
  File "/home/sahee/biloop/accounting/backend/.venv/lib/python3.12/site-packages/django/db/models/query.py", line 390, in __iter__
    self._fetch_all()
  File "/home/sahee/biloop/accounting/backend/.venv/lib/python3.12/site-packages/django/db/models/query.py", line 2000, in _fetch_all
    self._result_cache = list(self._iterable_class(self))
                         ^^^^^^^^^^^^^^^^^^^^^^^^^^^^^^^^
  File "/home/sahee/biloop/accounting/backend/.venv/lib/python3.12/site-packages/django/db/models/query.py", line 95, in __iter__
    results = compiler.execute_sql(
              ^^^^^^^^^^^^^^^^^^^^^
  File "/home/sahee/biloop/accounting/backend/.venv/lib/python3.12/site-packages/django/db/models/sql/compiler.py", line 1624, in execute_sql
    cursor.execute(sql, params)
  File "/home/sahee/biloop/accounting/backend/.venv/lib/python3.12/site-packages/django/db/backends/utils.py", line 122, in execute
    return super().execute(sql, params)
           ^^^^^^^^^^^^^^^^^^^^^^^^^^^^
  File "/home/sahee/biloop/accounting/backend/.venv/lib/python3.12/site-packages/django/db/backends/utils.py", line 79, in execute
    return self._execute_with_wrappers(
           ^^^^^^^^^^^^^^^^^^^^^^^^^^^^
  File "/home/sahee/biloop/accounting/backend/.venv/lib/python3.12/site-packages/django/db/backends/utils.py", line 92, in _execute_with_wrappers
    return executor(sql, params, many, context)
           ^^^^^^^^^^^^^^^^^^^^^^^^^^^^^^^^^^^^
  File "/home/sahee/biloop/accounting/backend/.venv/lib/python3.12/site-packages/django/db/backends/utils.py", line 100, in _execute
    with self.db.wrap_database_errors:
  File "/home/sahee/biloop/accounting/backend/.venv/lib/python3.12/site-packages/django/db/utils.py", line 94, in __exit__
    raise dj_exc_value.with_traceback(traceback) from exc_value
  File "/home/sahee/biloop/accounting/backend/.venv/lib/python3.12/site-packages/django/db/backends/utils.py", line 105, in _execute
    return self.cursor.execute(sql, params)
           ^^^^^^^^^^^^^^^^^^^^^^^^^^^^^^^^
  File "/home/sahee/biloop/accounting/backend/.venv/lib/python3.12/site-packages/django/db/backends/sqlite3/base.py", line 359, in execute
    return super().execute(query, params)
           ^^^^^^^^^^^^^^^^^^^^^^^^^^^^^^
django.db.utils.OperationalError: no such table: core_chartofaccount
2026-03-27 21:37:26,800 ERROR django.request Internal Server Error: /api/journals/entries/
Traceback (most recent call last):
  File "/home/sahee/biloop/accounting/backend/.venv/lib/python3.12/site-packages/django/db/backends/utils.py", line 105, in _execute
    return self.cursor.execute(sql, params)
           ^^^^^^^^^^^^^^^^^^^^^^^^^^^^^^^^
  File "/home/sahee/biloop/accounting/backend/.venv/lib/python3.12/site-packages/django/db/backends/sqlite3/base.py", line 359, in execute
    return super().execute(query, params)
           ^^^^^^^^^^^^^^^^^^^^^^^^^^^^^^
sqlite3.OperationalError: no such table: journals_journalentry

The above exception was the direct cause of the following exception:

Traceback (most recent call last):
  File "/home/sahee/biloop/accounting/backend/.venv/lib/python3.12/site-packages/django/core/handlers/exception.py", line 55, in inner
    response = get_response(request)
               ^^^^^^^^^^^^^^^^^^^^^
  File "/home/sahee/biloop/accounting/backend/.venv/lib/python3.12/site-packages/django/core/handlers/base.py", line 198, in _get_response
    response = wrapped_callback(request, *callback_args, **callback_kwargs)
               ^^^^^^^^^^^^^^^^^^^^^^^^^^^^^^^^^^^^^^^^^^^^^^^^^^^^^^^^^^^^
  File "/home/sahee/biloop/accounting/backend/.venv/lib/python3.12/site-packages/django/views/decorators/csrf.py", line 65, in _view_wrapper
    return view_func(request, *args, **kwargs)
           ^^^^^^^^^^^^^^^^^^^^^^^^^^^^^^^^^^^
  File "/home/sahee/biloop/accounting/backend/.venv/lib/python3.12/site-packages/rest_framework/viewsets.py", line 125, in view
    return self.dispatch(request, *args, **kwargs)
           ^^^^^^^^^^^^^^^^^^^^^^^^^^^^^^^^^^^^^^^
  File "/home/sahee/biloop/accounting/backend/.venv/lib/python3.12/site-packages/rest_framework/views.py", line 515, in dispatch
    response = self.handle_exception(exc)
               ^^^^^^^^^^^^^^^^^^^^^^^^^^
  File "/home/sahee/biloop/accounting/backend/.venv/lib/python3.12/site-packages/rest_framework/views.py", line 475, in handle_exception
    self.raise_uncaught_exception(exc)
  File "/home/sahee/biloop/accounting/backend/.venv/lib/python3.12/site-packages/rest_framework/views.py", line 486, in raise_uncaught_exception
    raise exc
  File "/home/sahee/biloop/accounting/backend/.venv/lib/python3.12/site-packages/rest_framework/views.py", line 512, in dispatch
    response = handler(request, *args, **kwargs)
               ^^^^^^^^^^^^^^^^^^^^^^^^^^^^^^^^^
  File "/home/sahee/biloop/accounting/backend/.venv/lib/python3.12/site-packages/rest_framework/mixins.py", line 40, in list
    page = self.paginate_queryset(queryset)
           ^^^^^^^^^^^^^^^^^^^^^^^^^^^^^^^^
  File "/home/sahee/biloop/accounting/backend/.venv/lib/python3.12/site-packages/rest_framework/generics.py", line 175, in paginate_queryset
    return self.paginator.paginate_queryset(queryset, self.request, view=self)
           ^^^^^^^^^^^^^^^^^^^^^^^^^^^^^^^^^^^^^^^^^^^^^^^^^^^^^^^^^^^^^^^^^^^
  File "/home/sahee/biloop/accounting/backend/.venv/lib/python3.12/site-packages/rest_framework/pagination.py", line 211, in paginate_queryset
    self.page = paginator.page(page_number)
                ^^^^^^^^^^^^^^^^^^^^^^^^^^^
  File "/home/sahee/biloop/accounting/backend/.venv/lib/python3.12/site-packages/django/core/paginator.py", line 177, in page
    number = self.validate_number(number)
             ^^^^^^^^^^^^^^^^^^^^^^^^^^^^
  File "/home/sahee/biloop/accounting/backend/.venv/lib/python3.12/site-packages/django/core/paginator.py", line 160, in validate_number
    return self._validate_number(number, self.num_pages)
                                         ^^^^^^^^^^^^^^
  File "/home/sahee/biloop/accounting/backend/.venv/lib/python3.12/site-packages/django/utils/functional.py", line 47, in __get__
    res = instance.__dict__[self.name] = self.func(instance)
                                         ^^^^^^^^^^^^^^^^^^^
  File "/home/sahee/biloop/accounting/backend/.venv/lib/python3.12/site-packages/django/core/paginator.py", line 195, in num_pages
    if self.count == 0 and not self.allow_empty_first_page:
       ^^^^^^^^^^
  File "/home/sahee/biloop/accounting/backend/.venv/lib/python3.12/site-packages/django/utils/functional.py", line 47, in __get__
    res = instance.__dict__[self.name] = self.func(instance)
                                         ^^^^^^^^^^^^^^^^^^^
  File "/home/sahee/biloop/accounting/backend/.venv/lib/python3.12/site-packages/django/core/paginator.py", line 189, in count
    return c()
           ^^^
  File "/home/sahee/biloop/accounting/backend/.venv/lib/python3.12/site-packages/django/db/models/query.py", line 610, in count
    return self.query.get_count(using=self.db)
           ^^^^^^^^^^^^^^^^^^^^^^^^^^^^^^^^^^^
  File "/home/sahee/biloop/accounting/backend/.venv/lib/python3.12/site-packages/django/db/models/sql/query.py", line 656, in get_count
    return obj.get_aggregation(using, {"__count": Count("*")})["__count"]
           ^^^^^^^^^^^^^^^^^^^^^^^^^^^^^^^^^^^^^^^^^^^^^^^^^^^
  File "/home/sahee/biloop/accounting/backend/.venv/lib/python3.12/site-packages/django/db/models/sql/query.py", line 638, in get_aggregation
    result = compiler.execute_sql(SINGLE)
             ^^^^^^^^^^^^^^^^^^^^^^^^^^^^
  File "/home/sahee/biloop/accounting/backend/.venv/lib/python3.12/site-packages/django/db/models/sql/compiler.py", line 1624, in execute_sql
    cursor.execute(sql, params)
  File "/home/sahee/biloop/accounting/backend/.venv/lib/python3.12/site-packages/django/db/backends/utils.py", line 122, in execute
    return super().execute(sql, params)
           ^^^^^^^^^^^^^^^^^^^^^^^^^^^^
  File "/home/sahee/biloop/accounting/backend/.venv/lib/python3.12/site-packages/django/db/backends/utils.py", line 79, in execute
    return self._execute_with_wrappers(
           ^^^^^^^^^^^^^^^^^^^^^^^^^^^^
  File "/home/sahee/biloop/accounting/backend/.venv/lib/python3.12/site-packages/django/db/backends/utils.py", line 92, in _execute_with_wrappers
    return executor(sql, params, many, context)
           ^^^^^^^^^^^^^^^^^^^^^^^^^^^^^^^^^^^^
  File "/home/sahee/biloop/accounting/backend/.venv/lib/python3.12/site-packages/django/db/backends/utils.py", line 100, in _execute
    with self.db.wrap_database_errors:
  File "/home/sahee/biloop/accounting/backend/.venv/lib/python3.12/site-packages/django/db/utils.py", line 94, in __exit__
    raise dj_exc_value.with_traceback(traceback) from exc_value
  File "/home/sahee/biloop/accounting/backend/.venv/lib/python3.12/site-packages/django/db/backends/utils.py", line 105, in _execute
    return self.cursor.execute(sql, params)
           ^^^^^^^^^^^^^^^^^^^^^^^^^^^^^^^^
  File "/home/sahee/biloop/accounting/backend/.venv/lib/python3.12/site-packages/django/db/backends/sqlite3/base.py", line 359, in execute
    return super().execute(query, params)
           ^^^^^^^^^^^^^^^^^^^^^^^^^^^^^^
django.db.utils.OperationalError: no such table: journals_journalentry
2026-03-27 21:37:26,805 ERROR django.request Internal Server Error: /api/accounts/chart-of-accounts/
Traceback (most recent call last):
  File "/home/sahee/biloop/accounting/backend/.venv/lib/python3.12/site-packages/django/db/backends/utils.py", line 105, in _execute
    return self.cursor.execute(sql, params)
           ^^^^^^^^^^^^^^^^^^^^^^^^^^^^^^^^
  File "/home/sahee/biloop/accounting/backend/.venv/lib/python3.12/site-packages/django/db/backends/sqlite3/base.py", line 359, in execute
    return super().execute(query, params)
           ^^^^^^^^^^^^^^^^^^^^^^^^^^^^^^
sqlite3.OperationalError: no such table: core_chartofaccount

The above exception was the direct cause of the following exception:

Traceback (most recent call last):
  File "/home/sahee/biloop/accounting/backend/.venv/lib/python3.12/site-packages/django/core/handlers/exception.py", line 55, in inner
    response = get_response(request)
               ^^^^^^^^^^^^^^^^^^^^^
  File "/home/sahee/biloop/accounting/backend/.venv/lib/python3.12/site-packages/django/core/handlers/base.py", line 198, in _get_response
    response = wrapped_callback(request, *callback_args, **callback_kwargs)
               ^^^^^^^^^^^^^^^^^^^^^^^^^^^^^^^^^^^^^^^^^^^^^^^^^^^^^^^^^^^^
  File "/home/sahee/biloop/accounting/backend/.venv/lib/python3.12/site-packages/django/views/decorators/csrf.py", line 65, in _view_wrapper
    return view_func(request, *args, **kwargs)
           ^^^^^^^^^^^^^^^^^^^^^^^^^^^^^^^^^^^
  File "/home/sahee/biloop/accounting/backend/.venv/lib/python3.12/site-packages/rest_framework/viewsets.py", line 125, in view
    return self.dispatch(request, *args, **kwargs)
           ^^^^^^^^^^^^^^^^^^^^^^^^^^^^^^^^^^^^^^^
  File "/home/sahee/biloop/accounting/backend/.venv/lib/python3.12/site-packages/rest_framework/views.py", line 515, in dispatch
    response = self.handle_exception(exc)
               ^^^^^^^^^^^^^^^^^^^^^^^^^^
  File "/home/sahee/biloop/accounting/backend/.venv/lib/python3.12/site-packages/rest_framework/views.py", line 475, in handle_exception
    self.raise_uncaught_exception(exc)
  File "/home/sahee/biloop/accounting/backend/.venv/lib/python3.12/site-packages/rest_framework/views.py", line 486, in raise_uncaught_exception
    raise exc
  File "/home/sahee/biloop/accounting/backend/.venv/lib/python3.12/site-packages/rest_framework/views.py", line 512, in dispatch
    response = handler(request, *args, **kwargs)
               ^^^^^^^^^^^^^^^^^^^^^^^^^^^^^^^^^
  File "/home/sahee/biloop/accounting/backend/.venv/lib/python3.12/site-packages/rest_framework/mixins.py", line 46, in list
    return Response(serializer.data)
                    ^^^^^^^^^^^^^^^
  File "/home/sahee/biloop/accounting/backend/.venv/lib/python3.12/site-packages/rest_framework/serializers.py", line 797, in data
    ret = super().data
          ^^^^^^^^^^^^
  File "/home/sahee/biloop/accounting/backend/.venv/lib/python3.12/site-packages/rest_framework/serializers.py", line 251, in data
    self._data = self.to_representation(self.instance)
                 ^^^^^^^^^^^^^^^^^^^^^^^^^^^^^^^^^^^^^
  File "/home/sahee/biloop/accounting/backend/.venv/lib/python3.12/site-packages/rest_framework/serializers.py", line 715, in to_representation
    return [
           ^
  File "/home/sahee/biloop/accounting/backend/.venv/lib/python3.12/site-packages/django/db/models/query.py", line 390, in __iter__
    self._fetch_all()
  File "/home/sahee/biloop/accounting/backend/.venv/lib/python3.12/site-packages/django/db/models/query.py", line 2000, in _fetch_all
    self._result_cache = list(self._iterable_class(self))
                         ^^^^^^^^^^^^^^^^^^^^^^^^^^^^^^^^
  File "/home/sahee/biloop/accounting/backend/.venv/lib/python3.12/site-packages/django/db/models/query.py", line 95, in __iter__
    results = compiler.execute_sql(
              ^^^^^^^^^^^^^^^^^^^^^
  File "/home/sahee/biloop/accounting/backend/.venv/lib/python3.12/site-packages/django/db/models/sql/compiler.py", line 1624, in execute_sql
    cursor.execute(sql, params)
  File "/home/sahee/biloop/accounting/backend/.venv/lib/python3.12/site-packages/django/db/backends/utils.py", line 122, in execute
    return super().execute(sql, params)
           ^^^^^^^^^^^^^^^^^^^^^^^^^^^^
  File "/home/sahee/biloop/accounting/backend/.venv/lib/python3.12/site-packages/django/db/backends/utils.py", line 79, in execute
    return self._execute_with_wrappers(
           ^^^^^^^^^^^^^^^^^^^^^^^^^^^^
  File "/home/sahee/biloop/accounting/backend/.venv/lib/python3.12/site-packages/django/db/backends/utils.py", line 92, in _execute_with_wrappers
    return executor(sql, params, many, context)
           ^^^^^^^^^^^^^^^^^^^^^^^^^^^^^^^^^^^^
  File "/home/sahee/biloop/accounting/backend/.venv/lib/python3.12/site-packages/django/db/backends/utils.py", line 100, in _execute
    with self.db.wrap_database_errors:
  File "/home/sahee/biloop/accounting/backend/.venv/lib/python3.12/site-packages/django/db/utils.py", line 94, in __exit__
    raise dj_exc_value.with_traceback(traceback) from exc_value
  File "/home/sahee/biloop/accounting/backend/.venv/lib/python3.12/site-packages/django/db/backends/utils.py", line 105, in _execute
    return self.cursor.execute(sql, params)
           ^^^^^^^^^^^^^^^^^^^^^^^^^^^^^^^^
  File "/home/sahee/biloop/accounting/backend/.venv/lib/python3.12/site-packages/django/db/backends/sqlite3/base.py", line 359, in execute
    return super().execute(query, params)
           ^^^^^^^^^^^^^^^^^^^^^^^^^^^^^^
django.db.utils.OperationalError: no such table: core_chartofaccount
2026-03-27 21:37:26,828 ERROR django.request Internal Server Error: /api/journals/entries/
Traceback (most recent call last):
  File "/home/sahee/biloop/accounting/backend/.venv/lib/python3.12/site-packages/django/db/backends/utils.py", line 105, in _execute
    return self.cursor.execute(sql, params)
           ^^^^^^^^^^^^^^^^^^^^^^^^^^^^^^^^
  File "/home/sahee/biloop/accounting/backend/.venv/lib/python3.12/site-packages/django/db/backends/sqlite3/base.py", line 359, in execute
    return super().execute(query, params)
           ^^^^^^^^^^^^^^^^^^^^^^^^^^^^^^
sqlite3.OperationalError: no such table: journals_journalentry

The above exception was the direct cause of the following exception:

Traceback (most recent call last):
  File "/home/sahee/biloop/accounting/backend/.venv/lib/python3.12/site-packages/django/core/handlers/exception.py", line 55, in inner
    response = get_response(request)
               ^^^^^^^^^^^^^^^^^^^^^
  File "/home/sahee/biloop/accounting/backend/.venv/lib/python3.12/site-packages/django/core/handlers/base.py", line 198, in _get_response
    response = wrapped_callback(request, *callback_args, **callback_kwargs)
               ^^^^^^^^^^^^^^^^^^^^^^^^^^^^^^^^^^^^^^^^^^^^^^^^^^^^^^^^^^^^
  File "/home/sahee/biloop/accounting/backend/.venv/lib/python3.12/site-packages/django/views/decorators/csrf.py", line 65, in _view_wrapper
    return view_func(request, *args, **kwargs)
           ^^^^^^^^^^^^^^^^^^^^^^^^^^^^^^^^^^^
  File "/home/sahee/biloop/accounting/backend/.venv/lib/python3.12/site-packages/rest_framework/viewsets.py", line 125, in view
    return self.dispatch(request, *args, **kwargs)
           ^^^^^^^^^^^^^^^^^^^^^^^^^^^^^^^^^^^^^^^
  File "/home/sahee/biloop/accounting/backend/.venv/lib/python3.12/site-packages/rest_framework/views.py", line 515, in dispatch
    response = self.handle_exception(exc)
               ^^^^^^^^^^^^^^^^^^^^^^^^^^
  File "/home/sahee/biloop/accounting/backend/.venv/lib/python3.12/site-packages/rest_framework/views.py", line 475, in handle_exception
    self.raise_uncaught_exception(exc)
  File "/home/sahee/biloop/accounting/backend/.venv/lib/python3.12/site-packages/rest_framework/views.py", line 486, in raise_uncaught_exception
    raise exc
  File "/home/sahee/biloop/accounting/backend/.venv/lib/python3.12/site-packages/rest_framework/views.py", line 512, in dispatch
    response = handler(request, *args, **kwargs)
               ^^^^^^^^^^^^^^^^^^^^^^^^^^^^^^^^^
  File "/home/sahee/biloop/accounting/backend/.venv/lib/python3.12/site-packages/rest_framework/mixins.py", line 40, in list
    page = self.paginate_queryset(queryset)
           ^^^^^^^^^^^^^^^^^^^^^^^^^^^^^^^^
  File "/home/sahee/biloop/accounting/backend/.venv/lib/python3.12/site-packages/rest_framework/generics.py", line 175, in paginate_queryset
    return self.paginator.paginate_queryset(queryset, self.request, view=self)
           ^^^^^^^^^^^^^^^^^^^^^^^^^^^^^^^^^^^^^^^^^^^^^^^^^^^^^^^^^^^^^^^^^^^
  File "/home/sahee/biloop/accounting/backend/.venv/lib/python3.12/site-packages/rest_framework/pagination.py", line 211, in paginate_queryset
    self.page = paginator.page(page_number)
                ^^^^^^^^^^^^^^^^^^^^^^^^^^^
  File "/home/sahee/biloop/accounting/backend/.venv/lib/python3.12/site-packages/django/core/paginator.py", line 177, in page
    number = self.validate_number(number)
             ^^^^^^^^^^^^^^^^^^^^^^^^^^^^
  File "/home/sahee/biloop/accounting/backend/.venv/lib/python3.12/site-packages/django/core/paginator.py", line 160, in validate_number
    return self._validate_number(number, self.num_pages)
                                         ^^^^^^^^^^^^^^
  File "/home/sahee/biloop/accounting/backend/.venv/lib/python3.12/site-packages/django/utils/functional.py", line 47, in __get__
    res = instance.__dict__[self.name] = self.func(instance)
                                         ^^^^^^^^^^^^^^^^^^^
  File "/home/sahee/biloop/accounting/backend/.venv/lib/python3.12/site-packages/django/core/paginator.py", line 195, in num_pages
    if self.count == 0 and not self.allow_empty_first_page:
       ^^^^^^^^^^
  File "/home/sahee/biloop/accounting/backend/.venv/lib/python3.12/site-packages/django/utils/functional.py", line 47, in __get__
    res = instance.__dict__[self.name] = self.func(instance)
                                         ^^^^^^^^^^^^^^^^^^^
  File "/home/sahee/biloop/accounting/backend/.venv/lib/python3.12/site-packages/django/core/paginator.py", line 189, in count
    return c()
           ^^^
  File "/home/sahee/biloop/accounting/backend/.venv/lib/python3.12/site-packages/django/db/models/query.py", line 610, in count
    return self.query.get_count(using=self.db)
           ^^^^^^^^^^^^^^^^^^^^^^^^^^^^^^^^^^^
  File "/home/sahee/biloop/accounting/backend/.venv/lib/python3.12/site-packages/django/db/models/sql/query.py", line 656, in get_count
    return obj.get_aggregation(using, {"__count": Count("*")})["__count"]
           ^^^^^^^^^^^^^^^^^^^^^^^^^^^^^^^^^^^^^^^^^^^^^^^^^^^
  File "/home/sahee/biloop/accounting/backend/.venv/lib/python3.12/site-packages/django/db/models/sql/query.py", line 638, in get_aggregation
    result = compiler.execute_sql(SINGLE)
             ^^^^^^^^^^^^^^^^^^^^^^^^^^^^
  File "/home/sahee/biloop/accounting/backend/.venv/lib/python3.12/site-packages/django/db/models/sql/compiler.py", line 1624, in execute_sql
    cursor.execute(sql, params)
  File "/home/sahee/biloop/accounting/backend/.venv/lib/python3.12/site-packages/django/db/backends/utils.py", line 122, in execute
    return super().execute(sql, params)
           ^^^^^^^^^^^^^^^^^^^^^^^^^^^^
  File "/home/sahee/biloop/accounting/backend/.venv/lib/python3.12/site-packages/django/db/backends/utils.py", line 79, in execute
    return self._execute_with_wrappers(
           ^^^^^^^^^^^^^^^^^^^^^^^^^^^^
  File "/home/sahee/biloop/accounting/backend/.venv/lib/python3.12/site-packages/django/db/backends/utils.py", line 92, in _execute_with_wrappers
    return executor(sql, params, many, context)
           ^^^^^^^^^^^^^^^^^^^^^^^^^^^^^^^^^^^^
  File "/home/sahee/biloop/accounting/backend/.venv/lib/python3.12/site-packages/django/db/backends/utils.py", line 100, in _execute
    with self.db.wrap_database_errors:
  File "/home/sahee/biloop/accounting/backend/.venv/lib/python3.12/site-packages/django/db/utils.py", line 94, in __exit__
    raise dj_exc_value.with_traceback(traceback) from exc_value
  File "/home/sahee/biloop/accounting/backend/.venv/lib/python3.12/site-packages/django/db/backends/utils.py", line 105, in _execute
    return self.cursor.execute(sql, params)
           ^^^^^^^^^^^^^^^^^^^^^^^^^^^^^^^^
  File "/home/sahee/biloop/accounting/backend/.venv/lib/python3.12/site-packages/django/db/backends/sqlite3/base.py", line 359, in execute
    return super().execute(query, params)
           ^^^^^^^^^^^^^^^^^^^^^^^^^^^^^^
django.db.utils.OperationalError: no such table: journals_journalentry
2026-03-27 21:37:26,834 ERROR django.request Internal Server Error: /api/accounts/chart-of-accounts/
Traceback (most recent call last):
  File "/home/sahee/biloop/accounting/backend/.venv/lib/python3.12/site-packages/django/db/backends/utils.py", line 105, in _execute
    return self.cursor.execute(sql, params)
           ^^^^^^^^^^^^^^^^^^^^^^^^^^^^^^^^
  File "/home/sahee/biloop/accounting/backend/.venv/lib/python3.12/site-packages/django/db/backends/sqlite3/base.py", line 359, in execute
    return super().execute(query, params)
           ^^^^^^^^^^^^^^^^^^^^^^^^^^^^^^
sqlite3.OperationalError: no such table: core_chartofaccount

The above exception was the direct cause of the following exception:

Traceback (most recent call last):
  File "/home/sahee/biloop/accounting/backend/.venv/lib/python3.12/site-packages/django/core/handlers/exception.py", line 55, in inner
    response = get_response(request)
               ^^^^^^^^^^^^^^^^^^^^^
  File "/home/sahee/biloop/accounting/backend/.venv/lib/python3.12/site-packages/django/core/handlers/base.py", line 198, in _get_response
    response = wrapped_callback(request, *callback_args, **callback_kwargs)
               ^^^^^^^^^^^^^^^^^^^^^^^^^^^^^^^^^^^^^^^^^^^^^^^^^^^^^^^^^^^^
  File "/home/sahee/biloop/accounting/backend/.venv/lib/python3.12/site-packages/django/views/decorators/csrf.py", line 65, in _view_wrapper
    return view_func(request, *args, **kwargs)
           ^^^^^^^^^^^^^^^^^^^^^^^^^^^^^^^^^^^
  File "/home/sahee/biloop/accounting/backend/.venv/lib/python3.12/site-packages/rest_framework/viewsets.py", line 125, in view
    return self.dispatch(request, *args, **kwargs)
           ^^^^^^^^^^^^^^^^^^^^^^^^^^^^^^^^^^^^^^^
  File "/home/sahee/biloop/accounting/backend/.venv/lib/python3.12/site-packages/rest_framework/views.py", line 515, in dispatch
    response = self.handle_exception(exc)
               ^^^^^^^^^^^^^^^^^^^^^^^^^^
  File "/home/sahee/biloop/accounting/backend/.venv/lib/python3.12/site-packages/rest_framework/views.py", line 475, in handle_exception
    self.raise_uncaught_exception(exc)
  File "/home/sahee/biloop/accounting/backend/.venv/lib/python3.12/site-packages/rest_framework/views.py", line 486, in raise_uncaught_exception
    raise exc
  File "/home/sahee/biloop/accounting/backend/.venv/lib/python3.12/site-packages/rest_framework/views.py", line 512, in dispatch
    response = handler(request, *args, **kwargs)
               ^^^^^^^^^^^^^^^^^^^^^^^^^^^^^^^^^
  File "/home/sahee/biloop/accounting/backend/.venv/lib/python3.12/site-packages/rest_framework/mixins.py", line 46, in list
    return Response(serializer.data)
                    ^^^^^^^^^^^^^^^
  File "/home/sahee/biloop/accounting/backend/.venv/lib/python3.12/site-packages/rest_framework/serializers.py", line 797, in data
    ret = super().data
          ^^^^^^^^^^^^
  File "/home/sahee/biloop/accounting/backend/.venv/lib/python3.12/site-packages/rest_framework/serializers.py", line 251, in data
    self._data = self.to_representation(self.instance)
                 ^^^^^^^^^^^^^^^^^^^^^^^^^^^^^^^^^^^^^
  File "/home/sahee/biloop/accounting/backend/.venv/lib/python3.12/site-packages/rest_framework/serializers.py", line 715, in to_representation
    return [
           ^
  File "/home/sahee/biloop/accounting/backend/.venv/lib/python3.12/site-packages/django/db/models/query.py", line 390, in __iter__
    self._fetch_all()
  File "/home/sahee/biloop/accounting/backend/.venv/lib/python3.12/site-packages/django/db/models/query.py", line 2000, in _fetch_all
    self._result_cache = list(self._iterable_class(self))
                         ^^^^^^^^^^^^^^^^^^^^^^^^^^^^^^^^
  File "/home/sahee/biloop/accounting/backend/.venv/lib/python3.12/site-packages/django/db/models/query.py", line 95, in __iter__
    results = compiler.execute_sql(
              ^^^^^^^^^^^^^^^^^^^^^
  File "/home/sahee/biloop/accounting/backend/.venv/lib/python3.12/site-packages/django/db/models/sql/compiler.py", line 1624, in execute_sql
    cursor.execute(sql, params)
  File "/home/sahee/biloop/accounting/backend/.venv/lib/python3.12/site-packages/django/db/backends/utils.py", line 122, in execute
    return super().execute(sql, params)
           ^^^^^^^^^^^^^^^^^^^^^^^^^^^^
  File "/home/sahee/biloop/accounting/backend/.venv/lib/python3.12/site-packages/django/db/backends/utils.py", line 79, in execute
    return self._execute_with_wrappers(
           ^^^^^^^^^^^^^^^^^^^^^^^^^^^^
  File "/home/sahee/biloop/accounting/backend/.venv/lib/python3.12/site-packages/django/db/backends/utils.py", line 92, in _execute_with_wrappers
    return executor(sql, params, many, context)
           ^^^^^^^^^^^^^^^^^^^^^^^^^^^^^^^^^^^^
  File "/home/sahee/biloop/accounting/backend/.venv/lib/python3.12/site-packages/django/db/backends/utils.py", line 100, in _execute
    with self.db.wrap_database_errors:
  File "/home/sahee/biloop/accounting/backend/.venv/lib/python3.12/site-packages/django/db/utils.py", line 94, in __exit__
    raise dj_exc_value.with_traceback(traceback) from exc_value
  File "/home/sahee/biloop/accounting/backend/.venv/lib/python3.12/site-packages/django/db/backends/utils.py", line 105, in _execute
    return self.cursor.execute(sql, params)
           ^^^^^^^^^^^^^^^^^^^^^^^^^^^^^^^^
  File "/home/sahee/biloop/accounting/backend/.venv/lib/python3.12/site-packages/django/db/backends/sqlite3/base.py", line 359, in execute
    return super().execute(query, params)
           ^^^^^^^^^^^^^^^^^^^^^^^^^^^^^^
django.db.utils.OperationalError: no such table: core_chartofaccount
2026-03-27 21:37:28,917 ERROR django.request Internal Server Error: /api/sync/logs/
Traceback (most recent call last):
  File "/home/sahee/biloop/accounting/backend/.venv/lib/python3.12/site-packages/django/db/backends/utils.py", line 105, in _execute
    return self.cursor.execute(sql, params)
           ^^^^^^^^^^^^^^^^^^^^^^^^^^^^^^^^
  File "/home/sahee/biloop/accounting/backend/.venv/lib/python3.12/site-packages/django/db/backends/sqlite3/base.py", line 359, in execute
    return super().execute(query, params)
           ^^^^^^^^^^^^^^^^^^^^^^^^^^^^^^
sqlite3.OperationalError: no such table: sync_synclog

The above exception was the direct cause of the following exception:

Traceback (most recent call last):
  File "/home/sahee/biloop/accounting/backend/.venv/lib/python3.12/site-packages/django/core/handlers/exception.py", line 55, in inner
    response = get_response(request)
               ^^^^^^^^^^^^^^^^^^^^^
  File "/home/sahee/biloop/accounting/backend/.venv/lib/python3.12/site-packages/django/core/handlers/base.py", line 198, in _get_response
    response = wrapped_callback(request, *callback_args, **callback_kwargs)
               ^^^^^^^^^^^^^^^^^^^^^^^^^^^^^^^^^^^^^^^^^^^^^^^^^^^^^^^^^^^^
  File "/home/sahee/biloop/accounting/backend/.venv/lib/python3.12/site-packages/django/views/decorators/csrf.py", line 65, in _view_wrapper
    return view_func(request, *args, **kwargs)
           ^^^^^^^^^^^^^^^^^^^^^^^^^^^^^^^^^^^
  File "/home/sahee/biloop/accounting/backend/.venv/lib/python3.12/site-packages/django/views/generic/base.py", line 106, in view
    return self.dispatch(request, *args, **kwargs)
           ^^^^^^^^^^^^^^^^^^^^^^^^^^^^^^^^^^^^^^^
  File "/home/sahee/biloop/accounting/backend/.venv/lib/python3.12/site-packages/rest_framework/views.py", line 515, in dispatch
    response = self.handle_exception(exc)
               ^^^^^^^^^^^^^^^^^^^^^^^^^^
  File "/home/sahee/biloop/accounting/backend/.venv/lib/python3.12/site-packages/rest_framework/views.py", line 475, in handle_exception
    self.raise_uncaught_exception(exc)
  File "/home/sahee/biloop/accounting/backend/.venv/lib/python3.12/site-packages/rest_framework/views.py", line 486, in raise_uncaught_exception
    raise exc
  File "/home/sahee/biloop/accounting/backend/.venv/lib/python3.12/site-packages/rest_framework/views.py", line 512, in dispatch
    response = handler(request, *args, **kwargs)
               ^^^^^^^^^^^^^^^^^^^^^^^^^^^^^^^^^
  File "/home/sahee/biloop/accounting/backend/sync/views.py", line 33, in get
    return Response(serializer.data)
                    ^^^^^^^^^^^^^^^
  File "/home/sahee/biloop/accounting/backend/.venv/lib/python3.12/site-packages/rest_framework/serializers.py", line 797, in data
    ret = super().data
          ^^^^^^^^^^^^
  File "/home/sahee/biloop/accounting/backend/.venv/lib/python3.12/site-packages/rest_framework/serializers.py", line 251, in data
    self._data = self.to_representation(self.instance)
                 ^^^^^^^^^^^^^^^^^^^^^^^^^^^^^^^^^^^^^
  File "/home/sahee/biloop/accounting/backend/.venv/lib/python3.12/site-packages/rest_framework/serializers.py", line 715, in to_representation
    return [
           ^
  File "/home/sahee/biloop/accounting/backend/.venv/lib/python3.12/site-packages/django/db/models/query.py", line 390, in __iter__
    self._fetch_all()
  File "/home/sahee/biloop/accounting/backend/.venv/lib/python3.12/site-packages/django/db/models/query.py", line 2000, in _fetch_all
    self._result_cache = list(self._iterable_class(self))
                         ^^^^^^^^^^^^^^^^^^^^^^^^^^^^^^^^
  File "/home/sahee/biloop/accounting/backend/.venv/lib/python3.12/site-packages/django/db/models/query.py", line 95, in __iter__
    results = compiler.execute_sql(
              ^^^^^^^^^^^^^^^^^^^^^
  File "/home/sahee/biloop/accounting/backend/.venv/lib/python3.12/site-packages/django/db/models/sql/compiler.py", line 1624, in execute_sql
    cursor.execute(sql, params)
  File "/home/sahee/biloop/accounting/backend/.venv/lib/python3.12/site-packages/django/db/backends/utils.py", line 122, in execute
    return super().execute(sql, params)
           ^^^^^^^^^^^^^^^^^^^^^^^^^^^^
  File "/home/sahee/biloop/accounting/backend/.venv/lib/python3.12/site-packages/django/db/backends/utils.py", line 79, in execute
    return self._execute_with_wrappers(
           ^^^^^^^^^^^^^^^^^^^^^^^^^^^^
  File "/home/sahee/biloop/accounting/backend/.venv/lib/python3.12/site-packages/django/db/backends/utils.py", line 92, in _execute_with_wrappers
    return executor(sql, params, many, context)
           ^^^^^^^^^^^^^^^^^^^^^^^^^^^^^^^^^^^^
  File "/home/sahee/biloop/accounting/backend/.venv/lib/python3.12/site-packages/django/db/backends/utils.py", line 100, in _execute
    with self.db.wrap_database_errors:
  File "/home/sahee/biloop/accounting/backend/.venv/lib/python3.12/site-packages/django/db/utils.py", line 94, in __exit__
    raise dj_exc_value.with_traceback(traceback) from exc_value
  File "/home/sahee/biloop/accounting/backend/.venv/lib/python3.12/site-packages/django/db/backends/utils.py", line 105, in _execute
    return self.cursor.execute(sql, params)
           ^^^^^^^^^^^^^^^^^^^^^^^^^^^^^^^^
  File "/home/sahee/biloop/accounting/backend/.venv/lib/python3.12/site-packages/django/db/backends/sqlite3/base.py", line 359, in execute
    return super().execute(query, params)
           ^^^^^^^^^^^^^^^^^^^^^^^^^^^^^^
django.db.utils.OperationalError: no such table: sync_synclog
2026-03-27 21:37:28,922 ERROR django.request Internal Server Error: /api/sync/errors/
Traceback (most recent call last):
  File "/home/sahee/biloop/accounting/backend/.venv/lib/python3.12/site-packages/django/db/backends/utils.py", line 105, in _execute
    return self.cursor.execute(sql, params)
           ^^^^^^^^^^^^^^^^^^^^^^^^^^^^^^^^
  File "/home/sahee/biloop/accounting/backend/.venv/lib/python3.12/site-packages/django/db/backends/sqlite3/base.py", line 359, in execute
    return super().execute(query, params)
           ^^^^^^^^^^^^^^^^^^^^^^^^^^^^^^
sqlite3.OperationalError: no such table: sync_syncerror

The above exception was the direct cause of the following exception:

Traceback (most recent call last):
  File "/home/sahee/biloop/accounting/backend/.venv/lib/python3.12/site-packages/django/core/handlers/exception.py", line 55, in inner
    response = get_response(request)
               ^^^^^^^^^^^^^^^^^^^^^
  File "/home/sahee/biloop/accounting/backend/.venv/lib/python3.12/site-packages/django/core/handlers/base.py", line 198, in _get_response
    response = wrapped_callback(request, *callback_args, **callback_kwargs)
               ^^^^^^^^^^^^^^^^^^^^^^^^^^^^^^^^^^^^^^^^^^^^^^^^^^^^^^^^^^^^
  File "/home/sahee/biloop/accounting/backend/.venv/lib/python3.12/site-packages/django/views/decorators/csrf.py", line 65, in _view_wrapper
    return view_func(request, *args, **kwargs)
           ^^^^^^^^^^^^^^^^^^^^^^^^^^^^^^^^^^^
  File "/home/sahee/biloop/accounting/backend/.venv/lib/python3.12/site-packages/django/views/generic/base.py", line 106, in view
    return self.dispatch(request, *args, **kwargs)
           ^^^^^^^^^^^^^^^^^^^^^^^^^^^^^^^^^^^^^^^
  File "/home/sahee/biloop/accounting/backend/.venv/lib/python3.12/site-packages/rest_framework/views.py", line 515, in dispatch
    response = self.handle_exception(exc)
               ^^^^^^^^^^^^^^^^^^^^^^^^^^
  File "/home/sahee/biloop/accounting/backend/.venv/lib/python3.12/site-packages/rest_framework/views.py", line 475, in handle_exception
    self.raise_uncaught_exception(exc)
  File "/home/sahee/biloop/accounting/backend/.venv/lib/python3.12/site-packages/rest_framework/views.py", line 486, in raise_uncaught_exception
    raise exc
  File "/home/sahee/biloop/accounting/backend/.venv/lib/python3.12/site-packages/rest_framework/views.py", line 512, in dispatch
    response = handler(request, *args, **kwargs)
               ^^^^^^^^^^^^^^^^^^^^^^^^^^^^^^^^^
  File "/home/sahee/biloop/accounting/backend/sync/views.py", line 48, in get
    return Response(serializer.data)
                    ^^^^^^^^^^^^^^^
  File "/home/sahee/biloop/accounting/backend/.venv/lib/python3.12/site-packages/rest_framework/serializers.py", line 797, in data
    ret = super().data
          ^^^^^^^^^^^^
  File "/home/sahee/biloop/accounting/backend/.venv/lib/python3.12/site-packages/rest_framework/serializers.py", line 251, in data
    self._data = self.to_representation(self.instance)
                 ^^^^^^^^^^^^^^^^^^^^^^^^^^^^^^^^^^^^^
  File "/home/sahee/biloop/accounting/backend/.venv/lib/python3.12/site-packages/rest_framework/serializers.py", line 715, in to_representation
    return [
           ^
  File "/home/sahee/biloop/accounting/backend/.venv/lib/python3.12/site-packages/django/db/models/query.py", line 390, in __iter__
    self._fetch_all()
  File "/home/sahee/biloop/accounting/backend/.venv/lib/python3.12/site-packages/django/db/models/query.py", line 2000, in _fetch_all
    self._result_cache = list(self._iterable_class(self))
                         ^^^^^^^^^^^^^^^^^^^^^^^^^^^^^^^^
  File "/home/sahee/biloop/accounting/backend/.venv/lib/python3.12/site-packages/django/db/models/query.py", line 95, in __iter__
    results = compiler.execute_sql(
              ^^^^^^^^^^^^^^^^^^^^^
  File "/home/sahee/biloop/accounting/backend/.venv/lib/python3.12/site-packages/django/db/models/sql/compiler.py", line 1624, in execute_sql
    cursor.execute(sql, params)
  File "/home/sahee/biloop/accounting/backend/.venv/lib/python3.12/site-packages/django/db/backends/utils.py", line 122, in execute
    return super().execute(sql, params)
           ^^^^^^^^^^^^^^^^^^^^^^^^^^^^
  File "/home/sahee/biloop/accounting/backend/.venv/lib/python3.12/site-packages/django/db/backends/utils.py", line 79, in execute
    return self._execute_with_wrappers(
           ^^^^^^^^^^^^^^^^^^^^^^^^^^^^
  File "/home/sahee/biloop/accounting/backend/.venv/lib/python3.12/site-packages/django/db/backends/utils.py", line 92, in _execute_with_wrappers
    return executor(sql, params, many, context)
           ^^^^^^^^^^^^^^^^^^^^^^^^^^^^^^^^^^^^
  File "/home/sahee/biloop/accounting/backend/.venv/lib/python3.12/site-packages/django/db/backends/utils.py", line 100, in _execute
    with self.db.wrap_database_errors:
  File "/home/sahee/biloop/accounting/backend/.venv/lib/python3.12/site-packages/django/db/utils.py", line 94, in __exit__
    raise dj_exc_value.with_traceback(traceback) from exc_value
  File "/home/sahee/biloop/accounting/backend/.venv/lib/python3.12/site-packages/django/db/backends/utils.py", line 105, in _execute
    return self.cursor.execute(sql, params)
           ^^^^^^^^^^^^^^^^^^^^^^^^^^^^^^^^
  File "/home/sahee/biloop/accounting/backend/.venv/lib/python3.12/site-packages/django/db/backends/sqlite3/base.py", line 359, in execute
    return super().execute(query, params)
           ^^^^^^^^^^^^^^^^^^^^^^^^^^^^^^
django.db.utils.OperationalError: no such table: sync_syncerror
2026-03-27 21:37:28,945 ERROR django.request Internal Server Error: /api/sync/errors/
Traceback (most recent call last):
  File "/home/sahee/biloop/accounting/backend/.venv/lib/python3.12/site-packages/django/db/backends/utils.py", line 105, in _execute
    return self.cursor.execute(sql, params)
           ^^^^^^^^^^^^^^^^^^^^^^^^^^^^^^^^
  File "/home/sahee/biloop/accounting/backend/.venv/lib/python3.12/site-packages/django/db/backends/sqlite3/base.py", line 359, in execute
    return super().execute(query, params)
           ^^^^^^^^^^^^^^^^^^^^^^^^^^^^^^
sqlite3.OperationalError: no such table: sync_syncerror

The above exception was the direct cause of the following exception:

Traceback (most recent call last):
  File "/home/sahee/biloop/accounting/backend/.venv/lib/python3.12/site-packages/django/core/handlers/exception.py", line 55, in inner
    response = get_response(request)
               ^^^^^^^^^^^^^^^^^^^^^
  File "/home/sahee/biloop/accounting/backend/.venv/lib/python3.12/site-packages/django/core/handlers/base.py", line 198, in _get_response
    response = wrapped_callback(request, *callback_args, **callback_kwargs)
               ^^^^^^^^^^^^^^^^^^^^^^^^^^^^^^^^^^^^^^^^^^^^^^^^^^^^^^^^^^^^
  File "/home/sahee/biloop/accounting/backend/.venv/lib/python3.12/site-packages/django/views/decorators/csrf.py", line 65, in _view_wrapper
    return view_func(request, *args, **kwargs)
           ^^^^^^^^^^^^^^^^^^^^^^^^^^^^^^^^^^^
  File "/home/sahee/biloop/accounting/backend/.venv/lib/python3.12/site-packages/django/views/generic/base.py", line 106, in view
    return self.dispatch(request, *args, **kwargs)
           ^^^^^^^^^^^^^^^^^^^^^^^^^^^^^^^^^^^^^^^
  File "/home/sahee/biloop/accounting/backend/.venv/lib/python3.12/site-packages/rest_framework/views.py", line 515, in dispatch
    response = self.handle_exception(exc)
               ^^^^^^^^^^^^^^^^^^^^^^^^^^
  File "/home/sahee/biloop/accounting/backend/.venv/lib/python3.12/site-packages/rest_framework/views.py", line 475, in handle_exception
    self.raise_uncaught_exception(exc)
  File "/home/sahee/biloop/accounting/backend/.venv/lib/python3.12/site-packages/rest_framework/views.py", line 486, in raise_uncaught_exception
    raise exc
  File "/home/sahee/biloop/accounting/backend/.venv/lib/python3.12/site-packages/rest_framework/views.py", line 512, in dispatch
    response = handler(request, *args, **kwargs)
               ^^^^^^^^^^^^^^^^^^^^^^^^^^^^^^^^^
  File "/home/sahee/biloop/accounting/backend/sync/views.py", line 48, in get
    return Response(serializer.data)
                    ^^^^^^^^^^^^^^^
  File "/home/sahee/biloop/accounting/backend/.venv/lib/python3.12/site-packages/rest_framework/serializers.py", line 797, in data
    ret = super().data
          ^^^^^^^^^^^^
  File "/home/sahee/biloop/accounting/backend/.venv/lib/python3.12/site-packages/rest_framework/serializers.py", line 251, in data
    self._data = self.to_representation(self.instance)
                 ^^^^^^^^^^^^^^^^^^^^^^^^^^^^^^^^^^^^^
  File "/home/sahee/biloop/accounting/backend/.venv/lib/python3.12/site-packages/rest_framework/serializers.py", line 715, in to_representation
    return [
           ^
  File "/home/sahee/biloop/accounting/backend/.venv/lib/python3.12/site-packages/django/db/models/query.py", line 390, in __iter__
    self._fetch_all()
  File "/home/sahee/biloop/accounting/backend/.venv/lib/python3.12/site-packages/django/db/models/query.py", line 2000, in _fetch_all
    self._result_cache = list(self._iterable_class(self))
                         ^^^^^^^^^^^^^^^^^^^^^^^^^^^^^^^^
  File "/home/sahee/biloop/accounting/backend/.venv/lib/python3.12/site-packages/django/db/models/query.py", line 95, in __iter__
    results = compiler.execute_sql(
              ^^^^^^^^^^^^^^^^^^^^^
  File "/home/sahee/biloop/accounting/backend/.venv/lib/python3.12/site-packages/django/db/models/sql/compiler.py", line 1624, in execute_sql
    cursor.execute(sql, params)
  File "/home/sahee/biloop/accounting/backend/.venv/lib/python3.12/site-packages/django/db/backends/utils.py", line 122, in execute
    return super().execute(sql, params)
           ^^^^^^^^^^^^^^^^^^^^^^^^^^^^
  File "/home/sahee/biloop/accounting/backend/.venv/lib/python3.12/site-packages/django/db/backends/utils.py", line 79, in execute
    return self._execute_with_wrappers(
           ^^^^^^^^^^^^^^^^^^^^^^^^^^^^
  File "/home/sahee/biloop/accounting/backend/.venv/lib/python3.12/site-packages/django/db/backends/utils.py", line 92, in _execute_with_wrappers
    return executor(sql, params, many, context)
           ^^^^^^^^^^^^^^^^^^^^^^^^^^^^^^^^^^^^
  File "/home/sahee/biloop/accounting/backend/.venv/lib/python3.12/site-packages/django/db/backends/utils.py", line 100, in _execute
    with self.db.wrap_database_errors:
  File "/home/sahee/biloop/accounting/backend/.venv/lib/python3.12/site-packages/django/db/utils.py", line 94, in __exit__
    raise dj_exc_value.with_traceback(traceback) from exc_value
  File "/home/sahee/biloop/accounting/backend/.venv/lib/python3.12/site-packages/django/db/backends/utils.py", line 105, in _execute
    return self.cursor.execute(sql, params)
           ^^^^^^^^^^^^^^^^^^^^^^^^^^^^^^^^
  File "/home/sahee/biloop/accounting/backend/.venv/lib/python3.12/site-packages/django/db/backends/sqlite3/base.py", line 359, in execute
    return super().execute(query, params)
           ^^^^^^^^^^^^^^^^^^^^^^^^^^^^^^
django.db.utils.OperationalError: no such table: sync_syncerror
2026-03-27 21:37:28,954 ERROR django.request Internal Server Error: /api/sync/logs/
Traceback (most recent call last):
  File "/home/sahee/biloop/accounting/backend/.venv/lib/python3.12/site-packages/django/db/backends/utils.py", line 105, in _execute
    return self.cursor.execute(sql, params)
           ^^^^^^^^^^^^^^^^^^^^^^^^^^^^^^^^
  File "/home/sahee/biloop/accounting/backend/.venv/lib/python3.12/site-packages/django/db/backends/sqlite3/base.py", line 359, in execute
    return super().execute(query, params)
           ^^^^^^^^^^^^^^^^^^^^^^^^^^^^^^
sqlite3.OperationalError: no such table: sync_synclog

The above exception was the direct cause of the following exception:

Traceback (most recent call last):
  File "/home/sahee/biloop/accounting/backend/.venv/lib/python3.12/site-packages/django/core/handlers/exception.py", line 55, in inner
    response = get_response(request)
               ^^^^^^^^^^^^^^^^^^^^^
  File "/home/sahee/biloop/accounting/backend/.venv/lib/python3.12/site-packages/django/core/handlers/base.py", line 198, in _get_response
    response = wrapped_callback(request, *callback_args, **callback_kwargs)
               ^^^^^^^^^^^^^^^^^^^^^^^^^^^^^^^^^^^^^^^^^^^^^^^^^^^^^^^^^^^^
  File "/home/sahee/biloop/accounting/backend/.venv/lib/python3.12/site-packages/django/views/decorators/csrf.py", line 65, in _view_wrapper
    return view_func(request, *args, **kwargs)
           ^^^^^^^^^^^^^^^^^^^^^^^^^^^^^^^^^^^
  File "/home/sahee/biloop/accounting/backend/.venv/lib/python3.12/site-packages/django/views/generic/base.py", line 106, in view
    return self.dispatch(request, *args, **kwargs)
           ^^^^^^^^^^^^^^^^^^^^^^^^^^^^^^^^^^^^^^^
  File "/home/sahee/biloop/accounting/backend/.venv/lib/python3.12/site-packages/rest_framework/views.py", line 515, in dispatch
    response = self.handle_exception(exc)
               ^^^^^^^^^^^^^^^^^^^^^^^^^^
  File "/home/sahee/biloop/accounting/backend/.venv/lib/python3.12/site-packages/rest_framework/views.py", line 475, in handle_exception
    self.raise_uncaught_exception(exc)
  File "/home/sahee/biloop/accounting/backend/.venv/lib/python3.12/site-packages/rest_framework/views.py", line 486, in raise_uncaught_exception
    raise exc
  File "/home/sahee/biloop/accounting/backend/.venv/lib/python3.12/site-packages/rest_framework/views.py", line 512, in dispatch
    response = handler(request, *args, **kwargs)
               ^^^^^^^^^^^^^^^^^^^^^^^^^^^^^^^^^
  File "/home/sahee/biloop/accounting/backend/sync/views.py", line 33, in get
    return Response(serializer.data)
                    ^^^^^^^^^^^^^^^
  File "/home/sahee/biloop/accounting/backend/.venv/lib/python3.12/site-packages/rest_framework/serializers.py", line 797, in data
    ret = super().data
          ^^^^^^^^^^^^
  File "/home/sahee/biloop/accounting/backend/.venv/lib/python3.12/site-packages/rest_framework/serializers.py", line 251, in data
    self._data = self.to_representation(self.instance)
                 ^^^^^^^^^^^^^^^^^^^^^^^^^^^^^^^^^^^^^
  File "/home/sahee/biloop/accounting/backend/.venv/lib/python3.12/site-packages/rest_framework/serializers.py", line 715, in to_representation
    return [
           ^
  File "/home/sahee/biloop/accounting/backend/.venv/lib/python3.12/site-packages/django/db/models/query.py", line 390, in __iter__
    self._fetch_all()
  File "/home/sahee/biloop/accounting/backend/.venv/lib/python3.12/site-packages/django/db/models/query.py", line 2000, in _fetch_all
    self._result_cache = list(self._iterable_class(self))
                         ^^^^^^^^^^^^^^^^^^^^^^^^^^^^^^^^
  File "/home/sahee/biloop/accounting/backend/.venv/lib/python3.12/site-packages/django/db/models/query.py", line 95, in __iter__
    results = compiler.execute_sql(
              ^^^^^^^^^^^^^^^^^^^^^
  File "/home/sahee/biloop/accounting/backend/.venv/lib/python3.12/site-packages/django/db/models/sql/compiler.py", line 1624, in execute_sql
    cursor.execute(sql, params)
  File "/home/sahee/biloop/accounting/backend/.venv/lib/python3.12/site-packages/django/db/backends/utils.py", line 122, in execute
    return super().execute(sql, params)
           ^^^^^^^^^^^^^^^^^^^^^^^^^^^^
  File "/home/sahee/biloop/accounting/backend/.venv/lib/python3.12/site-packages/django/db/backends/utils.py", line 79, in execute
    return self._execute_with_wrappers(
           ^^^^^^^^^^^^^^^^^^^^^^^^^^^^
  File "/home/sahee/biloop/accounting/backend/.venv/lib/python3.12/site-packages/django/db/backends/utils.py", line 92, in _execute_with_wrappers
    return executor(sql, params, many, context)
           ^^^^^^^^^^^^^^^^^^^^^^^^^^^^^^^^^^^^
  File "/home/sahee/biloop/accounting/backend/.venv/lib/python3.12/site-packages/django/db/backends/utils.py", line 100, in _execute
    with self.db.wrap_database_errors:
  File "/home/sahee/biloop/accounting/backend/.venv/lib/python3.12/site-packages/django/db/utils.py", line 94, in __exit__
    raise dj_exc_value.with_traceback(traceback) from exc_value
  File "/home/sahee/biloop/accounting/backend/.venv/lib/python3.12/site-packages/django/db/backends/utils.py", line 105, in _execute
    return self.cursor.execute(sql, params)
           ^^^^^^^^^^^^^^^^^^^^^^^^^^^^^^^^
  File "/home/sahee/biloop/accounting/backend/.venv/lib/python3.12/site-packages/django/db/backends/sqlite3/base.py", line 359, in execute
    return super().execute(query, params)
           ^^^^^^^^^^^^^^^^^^^^^^^^^^^^^^
django.db.utils.OperationalError: no such table: sync_synclog
2026-03-27 21:37:30,540 ERROR django.request Internal Server Error: /api/sync/run/
Traceback (most recent call last):
  File "/home/sahee/biloop/accounting/backend/.venv/lib/python3.12/site-packages/django/db/backends/utils.py", line 105, in _execute
    return self.cursor.execute(sql, params)
           ^^^^^^^^^^^^^^^^^^^^^^^^^^^^^^^^
  File "/home/sahee/biloop/accounting/backend/.venv/lib/python3.12/site-packages/django/db/backends/sqlite3/base.py", line 359, in execute
    return super().execute(query, params)
           ^^^^^^^^^^^^^^^^^^^^^^^^^^^^^^
sqlite3.OperationalError: no such table: core_accountmapping

The above exception was the direct cause of the following exception:

Traceback (most recent call last):
  File "/home/sahee/biloop/accounting/backend/.venv/lib/python3.12/site-packages/django/core/handlers/exception.py", line 55, in inner
    response = get_response(request)
               ^^^^^^^^^^^^^^^^^^^^^
  File "/home/sahee/biloop/accounting/backend/.venv/lib/python3.12/site-packages/django/core/handlers/base.py", line 198, in _get_response
    response = wrapped_callback(request, *callback_args, **callback_kwargs)
               ^^^^^^^^^^^^^^^^^^^^^^^^^^^^^^^^^^^^^^^^^^^^^^^^^^^^^^^^^^^^
  File "/home/sahee/biloop/accounting/backend/.venv/lib/python3.12/site-packages/django/views/decorators/csrf.py", line 65, in _view_wrapper
    return view_func(request, *args, **kwargs)
           ^^^^^^^^^^^^^^^^^^^^^^^^^^^^^^^^^^^
  File "/home/sahee/biloop/accounting/backend/.venv/lib/python3.12/site-packages/django/views/generic/base.py", line 106, in view
    return self.dispatch(request, *args, **kwargs)
           ^^^^^^^^^^^^^^^^^^^^^^^^^^^^^^^^^^^^^^^
  File "/home/sahee/biloop/accounting/backend/.venv/lib/python3.12/site-packages/rest_framework/views.py", line 515, in dispatch
    response = self.handle_exception(exc)
               ^^^^^^^^^^^^^^^^^^^^^^^^^^
  File "/home/sahee/biloop/accounting/backend/.venv/lib/python3.12/site-packages/rest_framework/views.py", line 475, in handle_exception
    self.raise_uncaught_exception(exc)
  File "/home/sahee/biloop/accounting/backend/.venv/lib/python3.12/site-packages/rest_framework/views.py", line 486, in raise_uncaught_exception
    raise exc
  File "/home/sahee/biloop/accounting/backend/.venv/lib/python3.12/site-packages/rest_framework/views.py", line 512, in dispatch
    response = handler(request, *args, **kwargs)
               ^^^^^^^^^^^^^^^^^^^^^^^^^^^^^^^^^
  File "/home/sahee/biloop/accounting/backend/sync/views.py", line 23, in post
    service = InventorySyncService()
              ^^^^^^^^^^^^^^^^^^^^^^
  File "/home/sahee/biloop/accounting/backend/sync/services.py", line 16, in __init__
    self.journal_service = JournalAutoGenerationService()
                           ^^^^^^^^^^^^^^^^^^^^^^^^^^^^^^
  File "/home/sahee/biloop/accounting/backend/journals/services.py", line 22, in __init__
    self._accounts = AccountMapping.get_all_mappings()
                     ^^^^^^^^^^^^^^^^^^^^^^^^^^^^^^^^^
  File "/home/sahee/biloop/accounting/backend/core/models.py", line 173, in get_all_mappings
    return {m.key: m.account for m in cls.objects.select_related('account').all()}
           ^^^^^^^^^^^^^^^^^^^^^^^^^^^^^^^^^^^^^^^^^^^^^^^^^^^^^^^^^^^^^^^^^^^^^^^
  File "/home/sahee/biloop/accounting/backend/.venv/lib/python3.12/site-packages/django/db/models/query.py", line 390, in __iter__
    self._fetch_all()
  File "/home/sahee/biloop/accounting/backend/.venv/lib/python3.12/site-packages/django/db/models/query.py", line 2000, in _fetch_all
    self._result_cache = list(self._iterable_class(self))
                         ^^^^^^^^^^^^^^^^^^^^^^^^^^^^^^^^
  File "/home/sahee/biloop/accounting/backend/.venv/lib/python3.12/site-packages/django/db/models/query.py", line 95, in __iter__
    results = compiler.execute_sql(
              ^^^^^^^^^^^^^^^^^^^^^
  File "/home/sahee/biloop/accounting/backend/.venv/lib/python3.12/site-packages/django/db/models/sql/compiler.py", line 1624, in execute_sql
    cursor.execute(sql, params)
  File "/home/sahee/biloop/accounting/backend/.venv/lib/python3.12/site-packages/django/db/backends/utils.py", line 122, in execute
    return super().execute(sql, params)
           ^^^^^^^^^^^^^^^^^^^^^^^^^^^^
  File "/home/sahee/biloop/accounting/backend/.venv/lib/python3.12/site-packages/django/db/backends/utils.py", line 79, in execute
    return self._execute_with_wrappers(
           ^^^^^^^^^^^^^^^^^^^^^^^^^^^^
  File "/home/sahee/biloop/accounting/backend/.venv/lib/python3.12/site-packages/django/db/backends/utils.py", line 92, in _execute_with_wrappers
    return executor(sql, params, many, context)
           ^^^^^^^^^^^^^^^^^^^^^^^^^^^^^^^^^^^^
  File "/home/sahee/biloop/accounting/backend/.venv/lib/python3.12/site-packages/django/db/backends/utils.py", line 100, in _execute
    with self.db.wrap_database_errors:
  File "/home/sahee/biloop/accounting/backend/.venv/lib/python3.12/site-packages/django/db/utils.py", line 94, in __exit__
    raise dj_exc_value.with_traceback(traceback) from exc_value
  File "/home/sahee/biloop/accounting/backend/.venv/lib/python3.12/site-packages/django/db/backends/utils.py", line 105, in _execute
    return self.cursor.execute(sql, params)
           ^^^^^^^^^^^^^^^^^^^^^^^^^^^^^^^^
  File "/home/sahee/biloop/accounting/backend/.venv/lib/python3.12/site-packages/django/db/backends/sqlite3/base.py", line 359, in execute
    return super().execute(query, params)
           ^^^^^^^^^^^^^^^^^^^^^^^^^^^^^^
django.db.utils.OperationalError: no such table: core_accountmapping
2026-03-27 21:37:31,479 ERROR django.request Internal Server Error: /api/sync/run/
Traceback (most recent call last):
  File "/home/sahee/biloop/accounting/backend/.venv/lib/python3.12/site-packages/django/db/backends/utils.py", line 105, in _execute
    return self.cursor.execute(sql, params)
           ^^^^^^^^^^^^^^^^^^^^^^^^^^^^^^^^
  File "/home/sahee/biloop/accounting/backend/.venv/lib/python3.12/site-packages/django/db/backends/sqlite3/base.py", line 359, in execute
    return super().execute(query, params)
           ^^^^^^^^^^^^^^^^^^^^^^^^^^^^^^
sqlite3.OperationalError: no such table: core_accountmapping

The above exception was the direct cause of the following exception:

Traceback (most recent call last):
  File "/home/sahee/biloop/accounting/backend/.venv/lib/python3.12/site-packages/django/core/handlers/exception.py", line 55, in inner
    response = get_response(request)
               ^^^^^^^^^^^^^^^^^^^^^
  File "/home/sahee/biloop/accounting/backend/.venv/lib/python3.12/site-packages/django/core/handlers/base.py", line 198, in _get_response
    response = wrapped_callback(request, *callback_args, **callback_kwargs)
               ^^^^^^^^^^^^^^^^^^^^^^^^^^^^^^^^^^^^^^^^^^^^^^^^^^^^^^^^^^^^
  File "/home/sahee/biloop/accounting/backend/.venv/lib/python3.12/site-packages/django/views/decorators/csrf.py", line 65, in _view_wrapper
    return view_func(request, *args, **kwargs)
           ^^^^^^^^^^^^^^^^^^^^^^^^^^^^^^^^^^^
  File "/home/sahee/biloop/accounting/backend/.venv/lib/python3.12/site-packages/django/views/generic/base.py", line 106, in view
    return self.dispatch(request, *args, **kwargs)
           ^^^^^^^^^^^^^^^^^^^^^^^^^^^^^^^^^^^^^^^
  File "/home/sahee/biloop/accounting/backend/.venv/lib/python3.12/site-packages/rest_framework/views.py", line 515, in dispatch
    response = self.handle_exception(exc)
               ^^^^^^^^^^^^^^^^^^^^^^^^^^
  File "/home/sahee/biloop/accounting/backend/.venv/lib/python3.12/site-packages/rest_framework/views.py", line 475, in handle_exception
    self.raise_uncaught_exception(exc)
  File "/home/sahee/biloop/accounting/backend/.venv/lib/python3.12/site-packages/rest_framework/views.py", line 486, in raise_uncaught_exception
    raise exc
  File "/home/sahee/biloop/accounting/backend/.venv/lib/python3.12/site-packages/rest_framework/views.py", line 512, in dispatch
    response = handler(request, *args, **kwargs)
               ^^^^^^^^^^^^^^^^^^^^^^^^^^^^^^^^^
  File "/home/sahee/biloop/accounting/backend/sync/views.py", line 23, in post
    service = InventorySyncService()
              ^^^^^^^^^^^^^^^^^^^^^^
  File "/home/sahee/biloop/accounting/backend/sync/services.py", line 16, in __init__
    self.journal_service = JournalAutoGenerationService()
                           ^^^^^^^^^^^^^^^^^^^^^^^^^^^^^^
  File "/home/sahee/biloop/accounting/backend/journals/services.py", line 22, in __init__
    self._accounts = AccountMapping.get_all_mappings()
                     ^^^^^^^^^^^^^^^^^^^^^^^^^^^^^^^^^
  File "/home/sahee/biloop/accounting/backend/core/models.py", line 173, in get_all_mappings
    return {m.key: m.account for m in cls.objects.select_related('account').all()}
           ^^^^^^^^^^^^^^^^^^^^^^^^^^^^^^^^^^^^^^^^^^^^^^^^^^^^^^^^^^^^^^^^^^^^^^^
  File "/home/sahee/biloop/accounting/backend/.venv/lib/python3.12/site-packages/django/db/models/query.py", line 390, in __iter__
    self._fetch_all()
  File "/home/sahee/biloop/accounting/backend/.venv/lib/python3.12/site-packages/django/db/models/query.py", line 2000, in _fetch_all
    self._result_cache = list(self._iterable_class(self))
                         ^^^^^^^^^^^^^^^^^^^^^^^^^^^^^^^^
  File "/home/sahee/biloop/accounting/backend/.venv/lib/python3.12/site-packages/django/db/models/query.py", line 95, in __iter__
    results = compiler.execute_sql(
              ^^^^^^^^^^^^^^^^^^^^^
  File "/home/sahee/biloop/accounting/backend/.venv/lib/python3.12/site-packages/django/db/models/sql/compiler.py", line 1624, in execute_sql
    cursor.execute(sql, params)
  File "/home/sahee/biloop/accounting/backend/.venv/lib/python3.12/site-packages/django/db/backends/utils.py", line 122, in execute
    return super().execute(sql, params)
           ^^^^^^^^^^^^^^^^^^^^^^^^^^^^
  File "/home/sahee/biloop/accounting/backend/.venv/lib/python3.12/site-packages/django/db/backends/utils.py", line 79, in execute
    return self._execute_with_wrappers(
           ^^^^^^^^^^^^^^^^^^^^^^^^^^^^
  File "/home/sahee/biloop/accounting/backend/.venv/lib/python3.12/site-packages/django/db/backends/utils.py", line 92, in _execute_with_wrappers
    return executor(sql, params, many, context)
           ^^^^^^^^^^^^^^^^^^^^^^^^^^^^^^^^^^^^
  File "/home/sahee/biloop/accounting/backend/.venv/lib/python3.12/site-packages/django/db/backends/utils.py", line 100, in _execute
    with self.db.wrap_database_errors:
  File "/home/sahee/biloop/accounting/backend/.venv/lib/python3.12/site-packages/django/db/utils.py", line 94, in __exit__
    raise dj_exc_value.with_traceback(traceback) from exc_value
  File "/home/sahee/biloop/accounting/backend/.venv/lib/python3.12/site-packages/django/db/backends/utils.py", line 105, in _execute
    return self.cursor.execute(sql, params)
           ^^^^^^^^^^^^^^^^^^^^^^^^^^^^^^^^
  File "/home/sahee/biloop/accounting/backend/.venv/lib/python3.12/site-packages/django/db/backends/sqlite3/base.py", line 359, in execute
    return super().execute(query, params)
           ^^^^^^^^^^^^^^^^^^^^^^^^^^^^^^
django.db.utils.OperationalError: no such table: core_accountmapping
2026-03-27 21:37:32,251 ERROR django.request Internal Server Error: /api/sync/run/
Traceback (most recent call last):
  File "/home/sahee/biloop/accounting/backend/.venv/lib/python3.12/site-packages/django/db/backends/utils.py", line 105, in _execute
    return self.cursor.execute(sql, params)
           ^^^^^^^^^^^^^^^^^^^^^^^^^^^^^^^^
  File "/home/sahee/biloop/accounting/backend/.venv/lib/python3.12/site-packages/django/db/backends/sqlite3/base.py", line 359, in execute
    return super().execute(query, params)
           ^^^^^^^^^^^^^^^^^^^^^^^^^^^^^^
sqlite3.OperationalError: no such table: core_accountmapping

The above exception was the direct cause of the following exception:

Traceback (most recent call last):
  File "/home/sahee/biloop/accounting/backend/.venv/lib/python3.12/site-packages/django/core/handlers/exception.py", line 55, in inner
    response = get_response(request)
               ^^^^^^^^^^^^^^^^^^^^^
  File "/home/sahee/biloop/accounting/backend/.venv/lib/python3.12/site-packages/django/core/handlers/base.py", line 198, in _get_response
    response = wrapped_callback(request, *callback_args, **callback_kwargs)
               ^^^^^^^^^^^^^^^^^^^^^^^^^^^^^^^^^^^^^^^^^^^^^^^^^^^^^^^^^^^^
  File "/home/sahee/biloop/accounting/backend/.venv/lib/python3.12/site-packages/django/views/decorators/csrf.py", line 65, in _view_wrapper
    return view_func(request, *args, **kwargs)
           ^^^^^^^^^^^^^^^^^^^^^^^^^^^^^^^^^^^
  File "/home/sahee/biloop/accounting/backend/.venv/lib/python3.12/site-packages/django/views/generic/base.py", line 106, in view
    return self.dispatch(request, *args, **kwargs)
           ^^^^^^^^^^^^^^^^^^^^^^^^^^^^^^^^^^^^^^^
  File "/home/sahee/biloop/accounting/backend/.venv/lib/python3.12/site-packages/rest_framework/views.py", line 515, in dispatch
    response = self.handle_exception(exc)
               ^^^^^^^^^^^^^^^^^^^^^^^^^^
  File "/home/sahee/biloop/accounting/backend/.venv/lib/python3.12/site-packages/rest_framework/views.py", line 475, in handle_exception
    self.raise_uncaught_exception(exc)
  File "/home/sahee/biloop/accounting/backend/.venv/lib/python3.12/site-packages/rest_framework/views.py", line 486, in raise_uncaught_exception
    raise exc
  File "/home/sahee/biloop/accounting/backend/.venv/lib/python3.12/site-packages/rest_framework/views.py", line 512, in dispatch
    response = handler(request, *args, **kwargs)
               ^^^^^^^^^^^^^^^^^^^^^^^^^^^^^^^^^
  File "/home/sahee/biloop/accounting/backend/sync/views.py", line 23, in post
    service = InventorySyncService()
              ^^^^^^^^^^^^^^^^^^^^^^
  File "/home/sahee/biloop/accounting/backend/sync/services.py", line 16, in __init__
    self.journal_service = JournalAutoGenerationService()
                           ^^^^^^^^^^^^^^^^^^^^^^^^^^^^^^
  File "/home/sahee/biloop/accounting/backend/journals/services.py", line 22, in __init__
    self._accounts = AccountMapping.get_all_mappings()
                     ^^^^^^^^^^^^^^^^^^^^^^^^^^^^^^^^^
  File "/home/sahee/biloop/accounting/backend/core/models.py", line 173, in get_all_mappings
    return {m.key: m.account for m in cls.objects.select_related('account').all()}
           ^^^^^^^^^^^^^^^^^^^^^^^^^^^^^^^^^^^^^^^^^^^^^^^^^^^^^^^^^^^^^^^^^^^^^^^
  File "/home/sahee/biloop/accounting/backend/.venv/lib/python3.12/site-packages/django/db/models/query.py", line 390, in __iter__
    self._fetch_all()
  File "/home/sahee/biloop/accounting/backend/.venv/lib/python3.12/site-packages/django/db/models/query.py", line 2000, in _fetch_all
    self._result_cache = list(self._iterable_class(self))
                         ^^^^^^^^^^^^^^^^^^^^^^^^^^^^^^^^
  File "/home/sahee/biloop/accounting/backend/.venv/lib/python3.12/site-packages/django/db/models/query.py", line 95, in __iter__
    results = compiler.execute_sql(
              ^^^^^^^^^^^^^^^^^^^^^
  File "/home/sahee/biloop/accounting/backend/.venv/lib/python3.12/site-packages/django/db/models/sql/compiler.py", line 1624, in execute_sql
    cursor.execute(sql, params)
  File "/home/sahee/biloop/accounting/backend/.venv/lib/python3.12/site-packages/django/db/backends/utils.py", line 122, in execute
    return super().execute(sql, params)
           ^^^^^^^^^^^^^^^^^^^^^^^^^^^^
  File "/home/sahee/biloop/accounting/backend/.venv/lib/python3.12/site-packages/django/db/backends/utils.py", line 79, in execute
    return self._execute_with_wrappers(
           ^^^^^^^^^^^^^^^^^^^^^^^^^^^^
  File "/home/sahee/biloop/accounting/backend/.venv/lib/python3.12/site-packages/django/db/backends/utils.py", line 92, in _execute_with_wrappers
    return executor(sql, params, many, context)
           ^^^^^^^^^^^^^^^^^^^^^^^^^^^^^^^^^^^^
  File "/home/sahee/biloop/accounting/backend/.venv/lib/python3.12/site-packages/django/db/backends/utils.py", line 100, in _execute
    with self.db.wrap_database_errors:
  File "/home/sahee/biloop/accounting/backend/.venv/lib/python3.12/site-packages/django/db/utils.py", line 94, in __exit__
    raise dj_exc_value.with_traceback(traceback) from exc_value
  File "/home/sahee/biloop/accounting/backend/.venv/lib/python3.12/site-packages/django/db/backends/utils.py", line 105, in _execute
    return self.cursor.execute(sql, params)
           ^^^^^^^^^^^^^^^^^^^^^^^^^^^^^^^^
  File "/home/sahee/biloop/accounting/backend/.venv/lib/python3.12/site-packages/django/db/backends/sqlite3/base.py", line 359, in execute
    return super().execute(query, params)
           ^^^^^^^^^^^^^^^^^^^^^^^^^^^^^^
django.db.utils.OperationalError: no such table: core_accountmapping
2026-03-27 21:37:35,109 ERROR django.request Internal Server Error: /api/audit/
Traceback (most recent call last):
  File "/home/sahee/biloop/accounting/backend/.venv/lib/python3.12/site-packages/django/db/backends/utils.py", line 105, in _execute
    return self.cursor.execute(sql, params)
           ^^^^^^^^^^^^^^^^^^^^^^^^^^^^^^^^
  File "/home/sahee/biloop/accounting/backend/.venv/lib/python3.12/site-packages/django/db/backends/sqlite3/base.py", line 359, in execute
    return super().execute(query, params)
           ^^^^^^^^^^^^^^^^^^^^^^^^^^^^^^
sqlite3.OperationalError: no such table: audit_auditlog

The above exception was the direct cause of the following exception:

Traceback (most recent call last):
  File "/home/sahee/biloop/accounting/backend/.venv/lib/python3.12/site-packages/django/core/handlers/exception.py", line 55, in inner
    response = get_response(request)
               ^^^^^^^^^^^^^^^^^^^^^
  File "/home/sahee/biloop/accounting/backend/.venv/lib/python3.12/site-packages/django/core/handlers/base.py", line 198, in _get_response
    response = wrapped_callback(request, *callback_args, **callback_kwargs)
               ^^^^^^^^^^^^^^^^^^^^^^^^^^^^^^^^^^^^^^^^^^^^^^^^^^^^^^^^^^^^
  File "/home/sahee/biloop/accounting/backend/.venv/lib/python3.12/site-packages/django/views/decorators/csrf.py", line 65, in _view_wrapper
    return view_func(request, *args, **kwargs)
           ^^^^^^^^^^^^^^^^^^^^^^^^^^^^^^^^^^^
  File "/home/sahee/biloop/accounting/backend/.venv/lib/python3.12/site-packages/django/views/generic/base.py", line 106, in view
    return self.dispatch(request, *args, **kwargs)
           ^^^^^^^^^^^^^^^^^^^^^^^^^^^^^^^^^^^^^^^
  File "/home/sahee/biloop/accounting/backend/.venv/lib/python3.12/site-packages/rest_framework/views.py", line 515, in dispatch
    response = self.handle_exception(exc)
               ^^^^^^^^^^^^^^^^^^^^^^^^^^
  File "/home/sahee/biloop/accounting/backend/.venv/lib/python3.12/site-packages/rest_framework/views.py", line 475, in handle_exception
    self.raise_uncaught_exception(exc)
  File "/home/sahee/biloop/accounting/backend/.venv/lib/python3.12/site-packages/rest_framework/views.py", line 486, in raise_uncaught_exception
    raise exc
  File "/home/sahee/biloop/accounting/backend/.venv/lib/python3.12/site-packages/rest_framework/views.py", line 512, in dispatch
    response = handler(request, *args, **kwargs)
               ^^^^^^^^^^^^^^^^^^^^^^^^^^^^^^^^^
  File "/home/sahee/biloop/accounting/backend/.venv/lib/python3.12/site-packages/rest_framework/generics.py", line 203, in get
    return self.list(request, *args, **kwargs)
           ^^^^^^^^^^^^^^^^^^^^^^^^^^^^^^^^^^^
  File "/home/sahee/biloop/accounting/backend/.venv/lib/python3.12/site-packages/rest_framework/mixins.py", line 40, in list
    page = self.paginate_queryset(queryset)
           ^^^^^^^^^^^^^^^^^^^^^^^^^^^^^^^^
  File "/home/sahee/biloop/accounting/backend/.venv/lib/python3.12/site-packages/rest_framework/generics.py", line 175, in paginate_queryset
    return self.paginator.paginate_queryset(queryset, self.request, view=self)
           ^^^^^^^^^^^^^^^^^^^^^^^^^^^^^^^^^^^^^^^^^^^^^^^^^^^^^^^^^^^^^^^^^^^
  File "/home/sahee/biloop/accounting/backend/.venv/lib/python3.12/site-packages/rest_framework/pagination.py", line 211, in paginate_queryset
    self.page = paginator.page(page_number)
                ^^^^^^^^^^^^^^^^^^^^^^^^^^^
  File "/home/sahee/biloop/accounting/backend/.venv/lib/python3.12/site-packages/django/core/paginator.py", line 177, in page
    number = self.validate_number(number)
             ^^^^^^^^^^^^^^^^^^^^^^^^^^^^
  File "/home/sahee/biloop/accounting/backend/.venv/lib/python3.12/site-packages/django/core/paginator.py", line 160, in validate_number
    return self._validate_number(number, self.num_pages)
                                         ^^^^^^^^^^^^^^
  File "/home/sahee/biloop/accounting/backend/.venv/lib/python3.12/site-packages/django/utils/functional.py", line 47, in __get__
    res = instance.__dict__[self.name] = self.func(instance)
                                         ^^^^^^^^^^^^^^^^^^^
  File "/home/sahee/biloop/accounting/backend/.venv/lib/python3.12/site-packages/django/core/paginator.py", line 195, in num_pages
    if self.count == 0 and not self.allow_empty_first_page:
       ^^^^^^^^^^
  File "/home/sahee/biloop/accounting/backend/.venv/lib/python3.12/site-packages/django/utils/functional.py", line 47, in __get__
    res = instance.__dict__[self.name] = self.func(instance)
                                         ^^^^^^^^^^^^^^^^^^^
  File "/home/sahee/biloop/accounting/backend/.venv/lib/python3.12/site-packages/django/core/paginator.py", line 189, in count
    return c()
           ^^^
  File "/home/sahee/biloop/accounting/backend/.venv/lib/python3.12/site-packages/django/db/models/query.py", line 610, in count
    return self.query.get_count(using=self.db)
           ^^^^^^^^^^^^^^^^^^^^^^^^^^^^^^^^^^^
  File "/home/sahee/biloop/accounting/backend/.venv/lib/python3.12/site-packages/django/db/models/sql/query.py", line 656, in get_count
    return obj.get_aggregation(using, {"__count": Count("*")})["__count"]
           ^^^^^^^^^^^^^^^^^^^^^^^^^^^^^^^^^^^^^^^^^^^^^^^^^^^
  File "/home/sahee/biloop/accounting/backend/.venv/lib/python3.12/site-packages/django/db/models/sql/query.py", line 638, in get_aggregation
    result = compiler.execute_sql(SINGLE)
             ^^^^^^^^^^^^^^^^^^^^^^^^^^^^
  File "/home/sahee/biloop/accounting/backend/.venv/lib/python3.12/site-packages/django/db/models/sql/compiler.py", line 1624, in execute_sql
    cursor.execute(sql, params)
  File "/home/sahee/biloop/accounting/backend/.venv/lib/python3.12/site-packages/django/db/backends/utils.py", line 122, in execute
    return super().execute(sql, params)
           ^^^^^^^^^^^^^^^^^^^^^^^^^^^^
  File "/home/sahee/biloop/accounting/backend/.venv/lib/python3.12/site-packages/django/db/backends/utils.py", line 79, in execute
    return self._execute_with_wrappers(
           ^^^^^^^^^^^^^^^^^^^^^^^^^^^^
  File "/home/sahee/biloop/accounting/backend/.venv/lib/python3.12/site-packages/django/db/backends/utils.py", line 92, in _execute_with_wrappers
    return executor(sql, params, many, context)
           ^^^^^^^^^^^^^^^^^^^^^^^^^^^^^^^^^^^^
  File "/home/sahee/biloop/accounting/backend/.venv/lib/python3.12/site-packages/django/db/backends/utils.py", line 100, in _execute
    with self.db.wrap_database_errors:
  File "/home/sahee/biloop/accounting/backend/.venv/lib/python3.12/site-packages/django/db/utils.py", line 94, in __exit__
    raise dj_exc_value.with_traceback(traceback) from exc_value
  File "/home/sahee/biloop/accounting/backend/.venv/lib/python3.12/site-packages/django/db/backends/utils.py", line 105, in _execute
    return self.cursor.execute(sql, params)
           ^^^^^^^^^^^^^^^^^^^^^^^^^^^^^^^^
  File "/home/sahee/biloop/accounting/backend/.venv/lib/python3.12/site-packages/django/db/backends/sqlite3/base.py", line 359, in execute
    return super().execute(query, params)
           ^^^^^^^^^^^^^^^^^^^^^^^^^^^^^^
django.db.utils.OperationalError: no such table: audit_auditlog
2026-03-27 21:37:35,128 ERROR django.request Internal Server Error: /api/audit/
Traceback (most recent call last):
  File "/home/sahee/biloop/accounting/backend/.venv/lib/python3.12/site-packages/django/db/backends/utils.py", line 105, in _execute
    return self.cursor.execute(sql, params)
           ^^^^^^^^^^^^^^^^^^^^^^^^^^^^^^^^
  File "/home/sahee/biloop/accounting/backend/.venv/lib/python3.12/site-packages/django/db/backends/sqlite3/base.py", line 359, in execute
    return super().execute(query, params)
           ^^^^^^^^^^^^^^^^^^^^^^^^^^^^^^
sqlite3.OperationalError: no such table: audit_auditlog

The above exception was the direct cause of the following exception:

Traceback (most recent call last):
  File "/home/sahee/biloop/accounting/backend/.venv/lib/python3.12/site-packages/django/core/handlers/exception.py", line 55, in inner
    response = get_response(request)
               ^^^^^^^^^^^^^^^^^^^^^
  File "/home/sahee/biloop/accounting/backend/.venv/lib/python3.12/site-packages/django/core/handlers/base.py", line 198, in _get_response
    response = wrapped_callback(request, *callback_args, **callback_kwargs)
               ^^^^^^^^^^^^^^^^^^^^^^^^^^^^^^^^^^^^^^^^^^^^^^^^^^^^^^^^^^^^
  File "/home/sahee/biloop/accounting/backend/.venv/lib/python3.12/site-packages/django/views/decorators/csrf.py", line 65, in _view_wrapper
    return view_func(request, *args, **kwargs)
           ^^^^^^^^^^^^^^^^^^^^^^^^^^^^^^^^^^^
  File "/home/sahee/biloop/accounting/backend/.venv/lib/python3.12/site-packages/django/views/generic/base.py", line 106, in view
    return self.dispatch(request, *args, **kwargs)
           ^^^^^^^^^^^^^^^^^^^^^^^^^^^^^^^^^^^^^^^
  File "/home/sahee/biloop/accounting/backend/.venv/lib/python3.12/site-packages/rest_framework/views.py", line 515, in dispatch
    response = self.handle_exception(exc)
               ^^^^^^^^^^^^^^^^^^^^^^^^^^
  File "/home/sahee/biloop/accounting/backend/.venv/lib/python3.12/site-packages/rest_framework/views.py", line 475, in handle_exception
    self.raise_uncaught_exception(exc)
  File "/home/sahee/biloop/accounting/backend/.venv/lib/python3.12/site-packages/rest_framework/views.py", line 486, in raise_uncaught_exception
    raise exc
  File "/home/sahee/biloop/accounting/backend/.venv/lib/python3.12/site-packages/rest_framework/views.py", line 512, in dispatch
    response = handler(request, *args, **kwargs)
               ^^^^^^^^^^^^^^^^^^^^^^^^^^^^^^^^^
  File "/home/sahee/biloop/accounting/backend/.venv/lib/python3.12/site-packages/rest_framework/generics.py", line 203, in get
    return self.list(request, *args, **kwargs)
           ^^^^^^^^^^^^^^^^^^^^^^^^^^^^^^^^^^^
  File "/home/sahee/biloop/accounting/backend/.venv/lib/python3.12/site-packages/rest_framework/mixins.py", line 40, in list
    page = self.paginate_queryset(queryset)
           ^^^^^^^^^^^^^^^^^^^^^^^^^^^^^^^^
  File "/home/sahee/biloop/accounting/backend/.venv/lib/python3.12/site-packages/rest_framework/generics.py", line 175, in paginate_queryset
    return self.paginator.paginate_queryset(queryset, self.request, view=self)
           ^^^^^^^^^^^^^^^^^^^^^^^^^^^^^^^^^^^^^^^^^^^^^^^^^^^^^^^^^^^^^^^^^^^
  File "/home/sahee/biloop/accounting/backend/.venv/lib/python3.12/site-packages/rest_framework/pagination.py", line 211, in paginate_queryset
    self.page = paginator.page(page_number)
                ^^^^^^^^^^^^^^^^^^^^^^^^^^^
  File "/home/sahee/biloop/accounting/backend/.venv/lib/python3.12/site-packages/django/core/paginator.py", line 177, in page
    number = self.validate_number(number)
             ^^^^^^^^^^^^^^^^^^^^^^^^^^^^
  File "/home/sahee/biloop/accounting/backend/.venv/lib/python3.12/site-packages/django/core/paginator.py", line 160, in validate_number
    return self._validate_number(number, self.num_pages)
                                         ^^^^^^^^^^^^^^
  File "/home/sahee/biloop/accounting/backend/.venv/lib/python3.12/site-packages/django/utils/functional.py", line 47, in __get__
    res = instance.__dict__[self.name] = self.func(instance)
                                         ^^^^^^^^^^^^^^^^^^^
  File "/home/sahee/biloop/accounting/backend/.venv/lib/python3.12/site-packages/django/core/paginator.py", line 195, in num_pages
    if self.count == 0 and not self.allow_empty_first_page:
       ^^^^^^^^^^
  File "/home/sahee/biloop/accounting/backend/.venv/lib/python3.12/site-packages/django/utils/functional.py", line 47, in __get__
    res = instance.__dict__[self.name] = self.func(instance)
                                         ^^^^^^^^^^^^^^^^^^^
  File "/home/sahee/biloop/accounting/backend/.venv/lib/python3.12/site-packages/django/core/paginator.py", line 189, in count
    return c()
           ^^^
  File "/home/sahee/biloop/accounting/backend/.venv/lib/python3.12/site-packages/django/db/models/query.py", line 610, in count
    return self.query.get_count(using=self.db)
           ^^^^^^^^^^^^^^^^^^^^^^^^^^^^^^^^^^^
  File "/home/sahee/biloop/accounting/backend/.venv/lib/python3.12/site-packages/django/db/models/sql/query.py", line 656, in get_count
    return obj.get_aggregation(using, {"__count": Count("*")})["__count"]
           ^^^^^^^^^^^^^^^^^^^^^^^^^^^^^^^^^^^^^^^^^^^^^^^^^^^
  File "/home/sahee/biloop/accounting/backend/.venv/lib/python3.12/site-packages/django/db/models/sql/query.py", line 638, in get_aggregation
    result = compiler.execute_sql(SINGLE)
             ^^^^^^^^^^^^^^^^^^^^^^^^^^^^
  File "/home/sahee/biloop/accounting/backend/.venv/lib/python3.12/site-packages/django/db/models/sql/compiler.py", line 1624, in execute_sql
    cursor.execute(sql, params)
  File "/home/sahee/biloop/accounting/backend/.venv/lib/python3.12/site-packages/django/db/backends/utils.py", line 122, in execute
    return super().execute(sql, params)
           ^^^^^^^^^^^^^^^^^^^^^^^^^^^^
  File "/home/sahee/biloop/accounting/backend/.venv/lib/python3.12/site-packages/django/db/backends/utils.py", line 79, in execute
    return self._execute_with_wrappers(
           ^^^^^^^^^^^^^^^^^^^^^^^^^^^^
  File "/home/sahee/biloop/accounting/backend/.venv/lib/python3.12/site-packages/django/db/backends/utils.py", line 92, in _execute_with_wrappers
    return executor(sql, params, many, context)
           ^^^^^^^^^^^^^^^^^^^^^^^^^^^^^^^^^^^^
  File "/home/sahee/biloop/accounting/backend/.venv/lib/python3.12/site-packages/django/db/backends/utils.py", line 100, in _execute
    with self.db.wrap_database_errors:
  File "/home/sahee/biloop/accounting/backend/.venv/lib/python3.12/site-packages/django/db/utils.py", line 94, in __exit__
    raise dj_exc_value.with_traceback(traceback) from exc_value
  File "/home/sahee/biloop/accounting/backend/.venv/lib/python3.12/site-packages/django/db/backends/utils.py", line 105, in _execute
    return self.cursor.execute(sql, params)
           ^^^^^^^^^^^^^^^^^^^^^^^^^^^^^^^^
  File "/home/sahee/biloop/accounting/backend/.venv/lib/python3.12/site-packages/django/db/backends/sqlite3/base.py", line 359, in execute
    return super().execute(query, params)
           ^^^^^^^^^^^^^^^^^^^^^^^^^^^^^^
django.db.utils.OperationalError: no such table: audit_auditlog
2026-03-27 21:37:47,751 INFO django.utils.autoreload Watching for file changes with StatReloader
2026-03-27 21:37:48,421 ERROR django.request Internal Server Error: /api/audit/
Traceback (most recent call last):
  File "/home/sahee/biloop/accounting/backend/.venv/lib/python3.12/site-packages/django/db/backends/utils.py", line 105, in _execute
    return self.cursor.execute(sql, params)
           ^^^^^^^^^^^^^^^^^^^^^^^^^^^^^^^^
  File "/home/sahee/biloop/accounting/backend/.venv/lib/python3.12/site-packages/django/db/backends/sqlite3/base.py", line 359, in execute
    return super().execute(query, params)
           ^^^^^^^^^^^^^^^^^^^^^^^^^^^^^^
sqlite3.OperationalError: no such table: audit_auditlog

The above exception was the direct cause of the following exception:

Traceback (most recent call last):
  File "/home/sahee/biloop/accounting/backend/.venv/lib/python3.12/site-packages/django/core/handlers/exception.py", line 55, in inner
    response = get_response(request)
               ^^^^^^^^^^^^^^^^^^^^^
  File "/home/sahee/biloop/accounting/backend/.venv/lib/python3.12/site-packages/django/core/handlers/base.py", line 198, in _get_response
    response = wrapped_callback(request, *callback_args, **callback_kwargs)
               ^^^^^^^^^^^^^^^^^^^^^^^^^^^^^^^^^^^^^^^^^^^^^^^^^^^^^^^^^^^^
  File "/home/sahee/biloop/accounting/backend/.venv/lib/python3.12/site-packages/django/views/decorators/csrf.py", line 65, in _view_wrapper
    return view_func(request, *args, **kwargs)
           ^^^^^^^^^^^^^^^^^^^^^^^^^^^^^^^^^^^
  File "/home/sahee/biloop/accounting/backend/.venv/lib/python3.12/site-packages/django/views/generic/base.py", line 106, in view
    return self.dispatch(request, *args, **kwargs)
           ^^^^^^^^^^^^^^^^^^^^^^^^^^^^^^^^^^^^^^^
  File "/home/sahee/biloop/accounting/backend/.venv/lib/python3.12/site-packages/rest_framework/views.py", line 515, in dispatch
    response = self.handle_exception(exc)
               ^^^^^^^^^^^^^^^^^^^^^^^^^^
  File "/home/sahee/biloop/accounting/backend/.venv/lib/python3.12/site-packages/rest_framework/views.py", line 475, in handle_exception
    self.raise_uncaught_exception(exc)
  File "/home/sahee/biloop/accounting/backend/.venv/lib/python3.12/site-packages/rest_framework/views.py", line 486, in raise_uncaught_exception
    raise exc
  File "/home/sahee/biloop/accounting/backend/.venv/lib/python3.12/site-packages/rest_framework/views.py", line 512, in dispatch
    response = handler(request, *args, **kwargs)
               ^^^^^^^^^^^^^^^^^^^^^^^^^^^^^^^^^
  File "/home/sahee/biloop/accounting/backend/.venv/lib/python3.12/site-packages/rest_framework/generics.py", line 203, in get
    return self.list(request, *args, **kwargs)
           ^^^^^^^^^^^^^^^^^^^^^^^^^^^^^^^^^^^
  File "/home/sahee/biloop/accounting/backend/.venv/lib/python3.12/site-packages/rest_framework/mixins.py", line 40, in list
    page = self.paginate_queryset(queryset)
           ^^^^^^^^^^^^^^^^^^^^^^^^^^^^^^^^
  File "/home/sahee/biloop/accounting/backend/.venv/lib/python3.12/site-packages/rest_framework/generics.py", line 175, in paginate_queryset
    return self.paginator.paginate_queryset(queryset, self.request, view=self)
           ^^^^^^^^^^^^^^^^^^^^^^^^^^^^^^^^^^^^^^^^^^^^^^^^^^^^^^^^^^^^^^^^^^^
  File "/home/sahee/biloop/accounting/backend/.venv/lib/python3.12/site-packages/rest_framework/pagination.py", line 211, in paginate_queryset
    self.page = paginator.page(page_number)
                ^^^^^^^^^^^^^^^^^^^^^^^^^^^
  File "/home/sahee/biloop/accounting/backend/.venv/lib/python3.12/site-packages/django/core/paginator.py", line 177, in page
    number = self.validate_number(number)
             ^^^^^^^^^^^^^^^^^^^^^^^^^^^^
  File "/home/sahee/biloop/accounting/backend/.venv/lib/python3.12/site-packages/django/core/paginator.py", line 160, in validate_number
    return self._validate_number(number, self.num_pages)
                                         ^^^^^^^^^^^^^^
  File "/home/sahee/biloop/accounting/backend/.venv/lib/python3.12/site-packages/django/utils/functional.py", line 47, in __get__
    res = instance.__dict__[self.name] = self.func(instance)
                                         ^^^^^^^^^^^^^^^^^^^
  File "/home/sahee/biloop/accounting/backend/.venv/lib/python3.12/site-packages/django/core/paginator.py", line 195, in num_pages
    if self.count == 0 and not self.allow_empty_first_page:
       ^^^^^^^^^^
  File "/home/sahee/biloop/accounting/backend/.venv/lib/python3.12/site-packages/django/utils/functional.py", line 47, in __get__
    res = instance.__dict__[self.name] = self.func(instance)
                                         ^^^^^^^^^^^^^^^^^^^
  File "/home/sahee/biloop/accounting/backend/.venv/lib/python3.12/site-packages/django/core/paginator.py", line 189, in count
    return c()
           ^^^
  File "/home/sahee/biloop/accounting/backend/.venv/lib/python3.12/site-packages/django/db/models/query.py", line 610, in count
    return self.query.get_count(using=self.db)
           ^^^^^^^^^^^^^^^^^^^^^^^^^^^^^^^^^^^
  File "/home/sahee/biloop/accounting/backend/.venv/lib/python3.12/site-packages/django/db/models/sql/query.py", line 656, in get_count
    return obj.get_aggregation(using, {"__count": Count("*")})["__count"]
           ^^^^^^^^^^^^^^^^^^^^^^^^^^^^^^^^^^^^^^^^^^^^^^^^^^^
  File "/home/sahee/biloop/accounting/backend/.venv/lib/python3.12/site-packages/django/db/models/sql/query.py", line 638, in get_aggregation
    result = compiler.execute_sql(SINGLE)
             ^^^^^^^^^^^^^^^^^^^^^^^^^^^^
  File "/home/sahee/biloop/accounting/backend/.venv/lib/python3.12/site-packages/django/db/models/sql/compiler.py", line 1624, in execute_sql
    cursor.execute(sql, params)
  File "/home/sahee/biloop/accounting/backend/.venv/lib/python3.12/site-packages/django/db/backends/utils.py", line 122, in execute
    return super().execute(sql, params)
           ^^^^^^^^^^^^^^^^^^^^^^^^^^^^
  File "/home/sahee/biloop/accounting/backend/.venv/lib/python3.12/site-packages/django/db/backends/utils.py", line 79, in execute
    return self._execute_with_wrappers(
           ^^^^^^^^^^^^^^^^^^^^^^^^^^^^
  File "/home/sahee/biloop/accounting/backend/.venv/lib/python3.12/site-packages/django/db/backends/utils.py", line 92, in _execute_with_wrappers
    return executor(sql, params, many, context)
           ^^^^^^^^^^^^^^^^^^^^^^^^^^^^^^^^^^^^
  File "/home/sahee/biloop/accounting/backend/.venv/lib/python3.12/site-packages/django/db/backends/utils.py", line 100, in _execute
    with self.db.wrap_database_errors:
  File "/home/sahee/biloop/accounting/backend/.venv/lib/python3.12/site-packages/django/db/utils.py", line 94, in __exit__
    raise dj_exc_value.with_traceback(traceback) from exc_value
  File "/home/sahee/biloop/accounting/backend/.venv/lib/python3.12/site-packages/django/db/backends/utils.py", line 105, in _execute
    return self.cursor.execute(sql, params)
           ^^^^^^^^^^^^^^^^^^^^^^^^^^^^^^^^
  File "/home/sahee/biloop/accounting/backend/.venv/lib/python3.12/site-packages/django/db/backends/sqlite3/base.py", line 359, in execute
    return super().execute(query, params)
           ^^^^^^^^^^^^^^^^^^^^^^^^^^^^^^
django.db.utils.OperationalError: no such table: audit_auditlog
2026-03-27 21:37:48,439 ERROR django.request Internal Server Error: /api/audit/
Traceback (most recent call last):
  File "/home/sahee/biloop/accounting/backend/.venv/lib/python3.12/site-packages/django/db/backends/utils.py", line 105, in _execute
    return self.cursor.execute(sql, params)
           ^^^^^^^^^^^^^^^^^^^^^^^^^^^^^^^^
  File "/home/sahee/biloop/accounting/backend/.venv/lib/python3.12/site-packages/django/db/backends/sqlite3/base.py", line 359, in execute
    return super().execute(query, params)
           ^^^^^^^^^^^^^^^^^^^^^^^^^^^^^^
sqlite3.OperationalError: no such table: audit_auditlog

The above exception was the direct cause of the following exception:

Traceback (most recent call last):
  File "/home/sahee/biloop/accounting/backend/.venv/lib/python3.12/site-packages/django/core/handlers/exception.py", line 55, in inner
    response = get_response(request)
               ^^^^^^^^^^^^^^^^^^^^^
  File "/home/sahee/biloop/accounting/backend/.venv/lib/python3.12/site-packages/django/core/handlers/base.py", line 198, in _get_response
    response = wrapped_callback(request, *callback_args, **callback_kwargs)
               ^^^^^^^^^^^^^^^^^^^^^^^^^^^^^^^^^^^^^^^^^^^^^^^^^^^^^^^^^^^^
  File "/home/sahee/biloop/accounting/backend/.venv/lib/python3.12/site-packages/django/views/decorators/csrf.py", line 65, in _view_wrapper
    return view_func(request, *args, **kwargs)
           ^^^^^^^^^^^^^^^^^^^^^^^^^^^^^^^^^^^
  File "/home/sahee/biloop/accounting/backend/.venv/lib/python3.12/site-packages/django/views/generic/base.py", line 106, in view
    return self.dispatch(request, *args, **kwargs)
           ^^^^^^^^^^^^^^^^^^^^^^^^^^^^^^^^^^^^^^^
  File "/home/sahee/biloop/accounting/backend/.venv/lib/python3.12/site-packages/rest_framework/views.py", line 515, in dispatch
    response = self.handle_exception(exc)
               ^^^^^^^^^^^^^^^^^^^^^^^^^^
  File "/home/sahee/biloop/accounting/backend/.venv/lib/python3.12/site-packages/rest_framework/views.py", line 475, in handle_exception
    self.raise_uncaught_exception(exc)
  File "/home/sahee/biloop/accounting/backend/.venv/lib/python3.12/site-packages/rest_framework/views.py", line 486, in raise_uncaught_exception
    raise exc
  File "/home/sahee/biloop/accounting/backend/.venv/lib/python3.12/site-packages/rest_framework/views.py", line 512, in dispatch
    response = handler(request, *args, **kwargs)
               ^^^^^^^^^^^^^^^^^^^^^^^^^^^^^^^^^
  File "/home/sahee/biloop/accounting/backend/.venv/lib/python3.12/site-packages/rest_framework/generics.py", line 203, in get
    return self.list(request, *args, **kwargs)
           ^^^^^^^^^^^^^^^^^^^^^^^^^^^^^^^^^^^
  File "/home/sahee/biloop/accounting/backend/.venv/lib/python3.12/site-packages/rest_framework/mixins.py", line 40, in list
    page = self.paginate_queryset(queryset)
           ^^^^^^^^^^^^^^^^^^^^^^^^^^^^^^^^
  File "/home/sahee/biloop/accounting/backend/.venv/lib/python3.12/site-packages/rest_framework/generics.py", line 175, in paginate_queryset
    return self.paginator.paginate_queryset(queryset, self.request, view=self)
           ^^^^^^^^^^^^^^^^^^^^^^^^^^^^^^^^^^^^^^^^^^^^^^^^^^^^^^^^^^^^^^^^^^^
  File "/home/sahee/biloop/accounting/backend/.venv/lib/python3.12/site-packages/rest_framework/pagination.py", line 211, in paginate_queryset
    self.page = paginator.page(page_number)
                ^^^^^^^^^^^^^^^^^^^^^^^^^^^
  File "/home/sahee/biloop/accounting/backend/.venv/lib/python3.12/site-packages/django/core/paginator.py", line 177, in page
    number = self.validate_number(number)
             ^^^^^^^^^^^^^^^^^^^^^^^^^^^^
  File "/home/sahee/biloop/accounting/backend/.venv/lib/python3.12/site-packages/django/core/paginator.py", line 160, in validate_number
    return self._validate_number(number, self.num_pages)
                                         ^^^^^^^^^^^^^^
  File "/home/sahee/biloop/accounting/backend/.venv/lib/python3.12/site-packages/django/utils/functional.py", line 47, in __get__
    res = instance.__dict__[self.name] = self.func(instance)
                                         ^^^^^^^^^^^^^^^^^^^
  File "/home/sahee/biloop/accounting/backend/.venv/lib/python3.12/site-packages/django/core/paginator.py", line 195, in num_pages
    if self.count == 0 and not self.allow_empty_first_page:
       ^^^^^^^^^^
  File "/home/sahee/biloop/accounting/backend/.venv/lib/python3.12/site-packages/django/utils/functional.py", line 47, in __get__
    res = instance.__dict__[self.name] = self.func(instance)
                                         ^^^^^^^^^^^^^^^^^^^
  File "/home/sahee/biloop/accounting/backend/.venv/lib/python3.12/site-packages/django/core/paginator.py", line 189, in count
    return c()
           ^^^
  File "/home/sahee/biloop/accounting/backend/.venv/lib/python3.12/site-packages/django/db/models/query.py", line 610, in count
    return self.query.get_count(using=self.db)
           ^^^^^^^^^^^^^^^^^^^^^^^^^^^^^^^^^^^
  File "/home/sahee/biloop/accounting/backend/.venv/lib/python3.12/site-packages/django/db/models/sql/query.py", line 656, in get_count
    return obj.get_aggregation(using, {"__count": Count("*")})["__count"]
           ^^^^^^^^^^^^^^^^^^^^^^^^^^^^^^^^^^^^^^^^^^^^^^^^^^^
  File "/home/sahee/biloop/accounting/backend/.venv/lib/python3.12/site-packages/django/db/models/sql/query.py", line 638, in get_aggregation
    result = compiler.execute_sql(SINGLE)
             ^^^^^^^^^^^^^^^^^^^^^^^^^^^^
  File "/home/sahee/biloop/accounting/backend/.venv/lib/python3.12/site-packages/django/db/models/sql/compiler.py", line 1624, in execute_sql
    cursor.execute(sql, params)
  File "/home/sahee/biloop/accounting/backend/.venv/lib/python3.12/site-packages/django/db/backends/utils.py", line 122, in execute
    return super().execute(sql, params)
           ^^^^^^^^^^^^^^^^^^^^^^^^^^^^
  File "/home/sahee/biloop/accounting/backend/.venv/lib/python3.12/site-packages/django/db/backends/utils.py", line 79, in execute
    return self._execute_with_wrappers(
           ^^^^^^^^^^^^^^^^^^^^^^^^^^^^
  File "/home/sahee/biloop/accounting/backend/.venv/lib/python3.12/site-packages/django/db/backends/utils.py", line 92, in _execute_with_wrappers
    return executor(sql, params, many, context)
           ^^^^^^^^^^^^^^^^^^^^^^^^^^^^^^^^^^^^
  File "/home/sahee/biloop/accounting/backend/.venv/lib/python3.12/site-packages/django/db/backends/utils.py", line 100, in _execute
    with self.db.wrap_database_errors:
  File "/home/sahee/biloop/accounting/backend/.venv/lib/python3.12/site-packages/django/db/utils.py", line 94, in __exit__
    raise dj_exc_value.with_traceback(traceback) from exc_value
  File "/home/sahee/biloop/accounting/backend/.venv/lib/python3.12/site-packages/django/db/backends/utils.py", line 105, in _execute
    return self.cursor.execute(sql, params)
           ^^^^^^^^^^^^^^^^^^^^^^^^^^^^^^^^
  File "/home/sahee/biloop/accounting/backend/.venv/lib/python3.12/site-packages/django/db/backends/sqlite3/base.py", line 359, in execute
    return super().execute(query, params)
           ^^^^^^^^^^^^^^^^^^^^^^^^^^^^^^
django.db.utils.OperationalError: no such table: audit_auditlog
2026-03-27 21:38:55,159 INFO django.utils.autoreload Watching for file changes with StatReloader
2026-03-27 21:39:04,628 ERROR sync Error syncing purchase 6: Account mapping not configured for key: PURCHASES
Traceback (most recent call last):
  File "/home/sahee/biloop/accounting/backend/sync/services.py", line 56, in sync_purchases
    entry = self.journal_service.generate_purchase(po.id)
            ^^^^^^^^^^^^^^^^^^^^^^^^^^^^^^^^^^^^^^^^^^^^^
  File "/usr/lib/python3.12/contextlib.py", line 81, in inner
    return func(*args, **kwds)
           ^^^^^^^^^^^^^^^^^^^
  File "/home/sahee/biloop/accounting/backend/journals/services.py", line 94, in generate_purchase
    JournalEntryLine.objects.create(entry=entry, account=self._acct('PURCHASES'), debit=total_purchases)
                                                         ^^^^^^^^^^^^^^^^^^^^^^^
  File "/home/sahee/biloop/accounting/backend/journals/services.py", line 29, in _acct
    raise ValueError(f"Account mapping not configured for key: {key}")
ValueError: Account mapping not configured for key: PURCHASES
2026-03-27 21:39:04,644 ERROR sync Error syncing purchase 7: Account mapping not configured for key: PURCHASES
Traceback (most recent call last):
  File "/home/sahee/biloop/accounting/backend/sync/services.py", line 56, in sync_purchases
    entry = self.journal_service.generate_purchase(po.id)
            ^^^^^^^^^^^^^^^^^^^^^^^^^^^^^^^^^^^^^^^^^^^^^
  File "/usr/lib/python3.12/contextlib.py", line 81, in inner
    return func(*args, **kwds)
           ^^^^^^^^^^^^^^^^^^^
  File "/home/sahee/biloop/accounting/backend/journals/services.py", line 94, in generate_purchase
    JournalEntryLine.objects.create(entry=entry, account=self._acct('PURCHASES'), debit=total_purchases)
                                                         ^^^^^^^^^^^^^^^^^^^^^^^
  File "/home/sahee/biloop/accounting/backend/journals/services.py", line 29, in _acct
    raise ValueError(f"Account mapping not configured for key: {key}")
ValueError: Account mapping not configured for key: PURCHASES
2026-03-27 21:39:04,659 ERROR sync Error syncing purchase 8: Account mapping not configured for key: PURCHASES
Traceback (most recent call last):
  File "/home/sahee/biloop/accounting/backend/sync/services.py", line 56, in sync_purchases
    entry = self.journal_service.generate_purchase(po.id)
            ^^^^^^^^^^^^^^^^^^^^^^^^^^^^^^^^^^^^^^^^^^^^^
  File "/usr/lib/python3.12/contextlib.py", line 81, in inner
    return func(*args, **kwds)
           ^^^^^^^^^^^^^^^^^^^
  File "/home/sahee/biloop/accounting/backend/journals/services.py", line 94, in generate_purchase
    JournalEntryLine.objects.create(entry=entry, account=self._acct('PURCHASES'), debit=total_purchases)
                                                         ^^^^^^^^^^^^^^^^^^^^^^^
  File "/home/sahee/biloop/accounting/backend/journals/services.py", line 29, in _acct
    raise ValueError(f"Account mapping not configured for key: {key}")
ValueError: Account mapping not configured for key: PURCHASES
2026-03-27 21:39:04,672 ERROR sync Error syncing purchase 9: Account mapping not configured for key: PURCHASES
Traceback (most recent call last):
  File "/home/sahee/biloop/accounting/backend/sync/services.py", line 56, in sync_purchases
    entry = self.journal_service.generate_purchase(po.id)
            ^^^^^^^^^^^^^^^^^^^^^^^^^^^^^^^^^^^^^^^^^^^^^
  File "/usr/lib/python3.12/contextlib.py", line 81, in inner
    return func(*args, **kwds)
           ^^^^^^^^^^^^^^^^^^^
  File "/home/sahee/biloop/accounting/backend/journals/services.py", line 94, in generate_purchase
    JournalEntryLine.objects.create(entry=entry, account=self._acct('PURCHASES'), debit=total_purchases)
                                                         ^^^^^^^^^^^^^^^^^^^^^^^
  File "/home/sahee/biloop/accounting/backend/journals/services.py", line 29, in _acct
    raise ValueError(f"Account mapping not configured for key: {key}")
ValueError: Account mapping not configured for key: PURCHASES
2026-03-27 21:39:04,684 ERROR sync Error syncing purchase 10: Account mapping not configured for key: PURCHASES
Traceback (most recent call last):
  File "/home/sahee/biloop/accounting/backend/sync/services.py", line 56, in sync_purchases
    entry = self.journal_service.generate_purchase(po.id)
            ^^^^^^^^^^^^^^^^^^^^^^^^^^^^^^^^^^^^^^^^^^^^^
  File "/usr/lib/python3.12/contextlib.py", line 81, in inner
    return func(*args, **kwds)
           ^^^^^^^^^^^^^^^^^^^
  File "/home/sahee/biloop/accounting/backend/journals/services.py", line 94, in generate_purchase
    JournalEntryLine.objects.create(entry=entry, account=self._acct('PURCHASES'), debit=total_purchases)
                                                         ^^^^^^^^^^^^^^^^^^^^^^^
  File "/home/sahee/biloop/accounting/backend/journals/services.py", line 29, in _acct
    raise ValueError(f"Account mapping not configured for key: {key}")
ValueError: Account mapping not configured for key: PURCHASES
2026-03-27 21:39:04,698 ERROR sync Error syncing purchase 11: Account mapping not configured for key: PURCHASES
Traceback (most recent call last):
  File "/home/sahee/biloop/accounting/backend/sync/services.py", line 56, in sync_purchases
    entry = self.journal_service.generate_purchase(po.id)
            ^^^^^^^^^^^^^^^^^^^^^^^^^^^^^^^^^^^^^^^^^^^^^
  File "/usr/lib/python3.12/contextlib.py", line 81, in inner
    return func(*args, **kwds)
           ^^^^^^^^^^^^^^^^^^^
  File "/home/sahee/biloop/accounting/backend/journals/services.py", line 94, in generate_purchase
    JournalEntryLine.objects.create(entry=entry, account=self._acct('PURCHASES'), debit=total_purchases)
                                                         ^^^^^^^^^^^^^^^^^^^^^^^
  File "/home/sahee/biloop/accounting/backend/journals/services.py", line 29, in _acct
    raise ValueError(f"Account mapping not configured for key: {key}")
ValueError: Account mapping not configured for key: PURCHASES
2026-03-27 21:39:04,710 ERROR sync Error syncing purchase 12: Account mapping not configured for key: PURCHASES
Traceback (most recent call last):
  File "/home/sahee/biloop/accounting/backend/sync/services.py", line 56, in sync_purchases
    entry = self.journal_service.generate_purchase(po.id)
            ^^^^^^^^^^^^^^^^^^^^^^^^^^^^^^^^^^^^^^^^^^^^^
  File "/usr/lib/python3.12/contextlib.py", line 81, in inner
    return func(*args, **kwds)
           ^^^^^^^^^^^^^^^^^^^
  File "/home/sahee/biloop/accounting/backend/journals/services.py", line 94, in generate_purchase
    JournalEntryLine.objects.create(entry=entry, account=self._acct('PURCHASES'), debit=total_purchases)
                                                         ^^^^^^^^^^^^^^^^^^^^^^^
  File "/home/sahee/biloop/accounting/backend/journals/services.py", line 29, in _acct
    raise ValueError(f"Account mapping not configured for key: {key}")
ValueError: Account mapping not configured for key: PURCHASES
2026-03-27 21:39:04,722 ERROR sync Error syncing purchase 13: Account mapping not configured for key: PURCHASES
Traceback (most recent call last):
  File "/home/sahee/biloop/accounting/backend/sync/services.py", line 56, in sync_purchases
    entry = self.journal_service.generate_purchase(po.id)
            ^^^^^^^^^^^^^^^^^^^^^^^^^^^^^^^^^^^^^^^^^^^^^
  File "/usr/lib/python3.12/contextlib.py", line 81, in inner
    return func(*args, **kwds)
           ^^^^^^^^^^^^^^^^^^^
  File "/home/sahee/biloop/accounting/backend/journals/services.py", line 94, in generate_purchase
    JournalEntryLine.objects.create(entry=entry, account=self._acct('PURCHASES'), debit=total_purchases)
                                                         ^^^^^^^^^^^^^^^^^^^^^^^
  File "/home/sahee/biloop/accounting/backend/journals/services.py", line 29, in _acct
    raise ValueError(f"Account mapping not configured for key: {key}")
ValueError: Account mapping not configured for key: PURCHASES
2026-03-27 21:39:04,735 ERROR sync Error syncing purchase 14: Account mapping not configured for key: PURCHASES
Traceback (most recent call last):
  File "/home/sahee/biloop/accounting/backend/sync/services.py", line 56, in sync_purchases
    entry = self.journal_service.generate_purchase(po.id)
            ^^^^^^^^^^^^^^^^^^^^^^^^^^^^^^^^^^^^^^^^^^^^^
  File "/usr/lib/python3.12/contextlib.py", line 81, in inner
    return func(*args, **kwds)
           ^^^^^^^^^^^^^^^^^^^
  File "/home/sahee/biloop/accounting/backend/journals/services.py", line 94, in generate_purchase
    JournalEntryLine.objects.create(entry=entry, account=self._acct('PURCHASES'), debit=total_purchases)
                                                         ^^^^^^^^^^^^^^^^^^^^^^^
  File "/home/sahee/biloop/accounting/backend/journals/services.py", line 29, in _acct
    raise ValueError(f"Account mapping not configured for key: {key}")
ValueError: Account mapping not configured for key: PURCHASES
2026-03-27 21:39:04,749 ERROR sync Error syncing purchase 15: Account mapping not configured for key: PURCHASES
Traceback (most recent call last):
  File "/home/sahee/biloop/accounting/backend/sync/services.py", line 56, in sync_purchases
    entry = self.journal_service.generate_purchase(po.id)
            ^^^^^^^^^^^^^^^^^^^^^^^^^^^^^^^^^^^^^^^^^^^^^
  File "/usr/lib/python3.12/contextlib.py", line 81, in inner
    return func(*args, **kwds)
           ^^^^^^^^^^^^^^^^^^^
  File "/home/sahee/biloop/accounting/backend/journals/services.py", line 94, in generate_purchase
    JournalEntryLine.objects.create(entry=entry, account=self._acct('PURCHASES'), debit=total_purchases)
                                                         ^^^^^^^^^^^^^^^^^^^^^^^
  File "/home/sahee/biloop/accounting/backend/journals/services.py", line 29, in _acct
    raise ValueError(f"Account mapping not configured for key: {key}")
ValueError: Account mapping not configured for key: PURCHASES
2026-03-27 21:39:04,773 ERROR sync Error syncing pos 1: Account mapping not configured for key: CASH
Traceback (most recent call last):
  File "/home/sahee/biloop/accounting/backend/sync/services.py", line 80, in sync_pos
    entry = self.journal_service.generate_pos_sale(pos.id)
            ^^^^^^^^^^^^^^^^^^^^^^^^^^^^^^^^^^^^^^^^^^^^^^
  File "/usr/lib/python3.12/contextlib.py", line 81, in inner
    return func(*args, **kwds)
           ^^^^^^^^^^^^^^^^^^^
  File "/home/sahee/biloop/accounting/backend/journals/services.py", line 160, in generate_pos_sale
    debit_ac = self._acct('CASH')
               ^^^^^^^^^^^^^^^^^^
  File "/home/sahee/biloop/accounting/backend/journals/services.py", line 29, in _acct
    raise ValueError(f"Account mapping not configured for key: {key}")
ValueError: Account mapping not configured for key: CASH
2026-03-27 21:39:04,785 ERROR sync Error syncing pos 2: Account mapping not configured for key: CASH
Traceback (most recent call last):
  File "/home/sahee/biloop/accounting/backend/sync/services.py", line 80, in sync_pos
    entry = self.journal_service.generate_pos_sale(pos.id)
            ^^^^^^^^^^^^^^^^^^^^^^^^^^^^^^^^^^^^^^^^^^^^^^
  File "/usr/lib/python3.12/contextlib.py", line 81, in inner
    return func(*args, **kwds)
           ^^^^^^^^^^^^^^^^^^^
  File "/home/sahee/biloop/accounting/backend/journals/services.py", line 160, in generate_pos_sale
    debit_ac = self._acct('CASH')
               ^^^^^^^^^^^^^^^^^^
  File "/home/sahee/biloop/accounting/backend/journals/services.py", line 29, in _acct
    raise ValueError(f"Account mapping not configured for key: {key}")
ValueError: Account mapping not configured for key: CASH
2026-03-27 21:39:04,796 ERROR sync Error syncing pos 3: Account mapping not configured for key: CASH
Traceback (most recent call last):
  File "/home/sahee/biloop/accounting/backend/sync/services.py", line 80, in sync_pos
    entry = self.journal_service.generate_pos_sale(pos.id)
            ^^^^^^^^^^^^^^^^^^^^^^^^^^^^^^^^^^^^^^^^^^^^^^
  File "/usr/lib/python3.12/contextlib.py", line 81, in inner
    return func(*args, **kwds)
           ^^^^^^^^^^^^^^^^^^^
  File "/home/sahee/biloop/accounting/backend/journals/services.py", line 160, in generate_pos_sale
    debit_ac = self._acct('CASH')
               ^^^^^^^^^^^^^^^^^^
  File "/home/sahee/biloop/accounting/backend/journals/services.py", line 29, in _acct
    raise ValueError(f"Account mapping not configured for key: {key}")
ValueError: Account mapping not configured for key: CASH
2026-03-27 21:39:04,811 ERROR sync Error syncing pos 5: Account mapping not configured for key: CASH
Traceback (most recent call last):
  File "/home/sahee/biloop/accounting/backend/sync/services.py", line 80, in sync_pos
    entry = self.journal_service.generate_pos_sale(pos.id)
            ^^^^^^^^^^^^^^^^^^^^^^^^^^^^^^^^^^^^^^^^^^^^^^
  File "/usr/lib/python3.12/contextlib.py", line 81, in inner
    return func(*args, **kwds)
           ^^^^^^^^^^^^^^^^^^^
  File "/home/sahee/biloop/accounting/backend/journals/services.py", line 160, in generate_pos_sale
    debit_ac = self._acct('CASH')
               ^^^^^^^^^^^^^^^^^^
  File "/home/sahee/biloop/accounting/backend/journals/services.py", line 29, in _acct
    raise ValueError(f"Account mapping not configured for key: {key}")
ValueError: Account mapping not configured for key: CASH
2026-03-27 21:39:04,824 ERROR sync Error syncing pos 6: Account mapping not configured for key: CASH
Traceback (most recent call last):
  File "/home/sahee/biloop/accounting/backend/sync/services.py", line 80, in sync_pos
    entry = self.journal_service.generate_pos_sale(pos.id)
            ^^^^^^^^^^^^^^^^^^^^^^^^^^^^^^^^^^^^^^^^^^^^^^
  File "/usr/lib/python3.12/contextlib.py", line 81, in inner
    return func(*args, **kwds)
           ^^^^^^^^^^^^^^^^^^^
  File "/home/sahee/biloop/accounting/backend/journals/services.py", line 160, in generate_pos_sale
    debit_ac = self._acct('CASH')
               ^^^^^^^^^^^^^^^^^^
  File "/home/sahee/biloop/accounting/backend/journals/services.py", line 29, in _acct
    raise ValueError(f"Account mapping not configured for key: {key}")
ValueError: Account mapping not configured for key: CASH
2026-03-27 21:39:04,834 ERROR sync Error syncing pos 7: Account mapping not configured for key: CASH
Traceback (most recent call last):
  File "/home/sahee/biloop/accounting/backend/sync/services.py", line 80, in sync_pos
    entry = self.journal_service.generate_pos_sale(pos.id)
            ^^^^^^^^^^^^^^^^^^^^^^^^^^^^^^^^^^^^^^^^^^^^^^
  File "/usr/lib/python3.12/contextlib.py", line 81, in inner
    return func(*args, **kwds)
           ^^^^^^^^^^^^^^^^^^^
  File "/home/sahee/biloop/accounting/backend/journals/services.py", line 160, in generate_pos_sale
    debit_ac = self._acct('CASH')
               ^^^^^^^^^^^^^^^^^^
  File "/home/sahee/biloop/accounting/backend/journals/services.py", line 29, in _acct
    raise ValueError(f"Account mapping not configured for key: {key}")
ValueError: Account mapping not configured for key: CASH
2026-03-27 21:39:04,846 ERROR sync Error syncing pos 8: Account mapping not configured for key: CASH
Traceback (most recent call last):
  File "/home/sahee/biloop/accounting/backend/sync/services.py", line 80, in sync_pos
    entry = self.journal_service.generate_pos_sale(pos.id)
            ^^^^^^^^^^^^^^^^^^^^^^^^^^^^^^^^^^^^^^^^^^^^^^
  File "/usr/lib/python3.12/contextlib.py", line 81, in inner
    return func(*args, **kwds)
           ^^^^^^^^^^^^^^^^^^^
  File "/home/sahee/biloop/accounting/backend/journals/services.py", line 160, in generate_pos_sale
    debit_ac = self._acct('CASH')
               ^^^^^^^^^^^^^^^^^^
  File "/home/sahee/biloop/accounting/backend/journals/services.py", line 29, in _acct
    raise ValueError(f"Account mapping not configured for key: {key}")
ValueError: Account mapping not configured for key: CASH
2026-03-27 21:39:04,859 ERROR sync Error syncing pos 9: Account mapping not configured for key: CASH
Traceback (most recent call last):
  File "/home/sahee/biloop/accounting/backend/sync/services.py", line 80, in sync_pos
    entry = self.journal_service.generate_pos_sale(pos.id)
            ^^^^^^^^^^^^^^^^^^^^^^^^^^^^^^^^^^^^^^^^^^^^^^
  File "/usr/lib/python3.12/contextlib.py", line 81, in inner
    return func(*args, **kwds)
           ^^^^^^^^^^^^^^^^^^^
  File "/home/sahee/biloop/accounting/backend/journals/services.py", line 160, in generate_pos_sale
    debit_ac = self._acct('CASH')
               ^^^^^^^^^^^^^^^^^^
  File "/home/sahee/biloop/accounting/backend/journals/services.py", line 29, in _acct
    raise ValueError(f"Account mapping not configured for key: {key}")
ValueError: Account mapping not configured for key: CASH
2026-03-27 21:39:04,870 ERROR sync Error syncing pos 10: Account mapping not configured for key: CASH
Traceback (most recent call last):
  File "/home/sahee/biloop/accounting/backend/sync/services.py", line 80, in sync_pos
    entry = self.journal_service.generate_pos_sale(pos.id)
            ^^^^^^^^^^^^^^^^^^^^^^^^^^^^^^^^^^^^^^^^^^^^^^
  File "/usr/lib/python3.12/contextlib.py", line 81, in inner
    return func(*args, **kwds)
           ^^^^^^^^^^^^^^^^^^^
  File "/home/sahee/biloop/accounting/backend/journals/services.py", line 160, in generate_pos_sale
    debit_ac = self._acct('CASH')
               ^^^^^^^^^^^^^^^^^^
  File "/home/sahee/biloop/accounting/backend/journals/services.py", line 29, in _acct
    raise ValueError(f"Account mapping not configured for key: {key}")
ValueError: Account mapping not configured for key: CASH
2026-03-27 21:39:04,881 ERROR sync Error syncing pos 11: Account mapping not configured for key: CASH
Traceback (most recent call last):
  File "/home/sahee/biloop/accounting/backend/sync/services.py", line 80, in sync_pos
    entry = self.journal_service.generate_pos_sale(pos.id)
            ^^^^^^^^^^^^^^^^^^^^^^^^^^^^^^^^^^^^^^^^^^^^^^
  File "/usr/lib/python3.12/contextlib.py", line 81, in inner
    return func(*args, **kwds)
           ^^^^^^^^^^^^^^^^^^^
  File "/home/sahee/biloop/accounting/backend/journals/services.py", line 160, in generate_pos_sale
    debit_ac = self._acct('CASH')
               ^^^^^^^^^^^^^^^^^^
  File "/home/sahee/biloop/accounting/backend/journals/services.py", line 29, in _acct
    raise ValueError(f"Account mapping not configured for key: {key}")
ValueError: Account mapping not configured for key: CASH
2026-03-27 21:39:04,892 ERROR sync Error syncing pos 12: Account mapping not configured for key: CASH
Traceback (most recent call last):
  File "/home/sahee/biloop/accounting/backend/sync/services.py", line 80, in sync_pos
    entry = self.journal_service.generate_pos_sale(pos.id)
            ^^^^^^^^^^^^^^^^^^^^^^^^^^^^^^^^^^^^^^^^^^^^^^
  File "/usr/lib/python3.12/contextlib.py", line 81, in inner
    return func(*args, **kwds)
           ^^^^^^^^^^^^^^^^^^^
  File "/home/sahee/biloop/accounting/backend/journals/services.py", line 160, in generate_pos_sale
    debit_ac = self._acct('CASH')
               ^^^^^^^^^^^^^^^^^^
  File "/home/sahee/biloop/accounting/backend/journals/services.py", line 29, in _acct
    raise ValueError(f"Account mapping not configured for key: {key}")
ValueError: Account mapping not configured for key: CASH
2026-03-27 21:39:04,906 ERROR sync Error syncing pos 13: Account mapping not configured for key: CASH
Traceback (most recent call last):
  File "/home/sahee/biloop/accounting/backend/sync/services.py", line 80, in sync_pos
    entry = self.journal_service.generate_pos_sale(pos.id)
            ^^^^^^^^^^^^^^^^^^^^^^^^^^^^^^^^^^^^^^^^^^^^^^
  File "/usr/lib/python3.12/contextlib.py", line 81, in inner
    return func(*args, **kwds)
           ^^^^^^^^^^^^^^^^^^^
  File "/home/sahee/biloop/accounting/backend/journals/services.py", line 160, in generate_pos_sale
    debit_ac = self._acct('CASH')
               ^^^^^^^^^^^^^^^^^^
  File "/home/sahee/biloop/accounting/backend/journals/services.py", line 29, in _acct
    raise ValueError(f"Account mapping not configured for key: {key}")
ValueError: Account mapping not configured for key: CASH
2026-03-27 21:39:04,917 ERROR sync Error syncing pos 14: Account mapping not configured for key: CASH
Traceback (most recent call last):
  File "/home/sahee/biloop/accounting/backend/sync/services.py", line 80, in sync_pos
    entry = self.journal_service.generate_pos_sale(pos.id)
            ^^^^^^^^^^^^^^^^^^^^^^^^^^^^^^^^^^^^^^^^^^^^^^
  File "/usr/lib/python3.12/contextlib.py", line 81, in inner
    return func(*args, **kwds)
           ^^^^^^^^^^^^^^^^^^^
  File "/home/sahee/biloop/accounting/backend/journals/services.py", line 160, in generate_pos_sale
    debit_ac = self._acct('CASH')
               ^^^^^^^^^^^^^^^^^^
  File "/home/sahee/biloop/accounting/backend/journals/services.py", line 29, in _acct
    raise ValueError(f"Account mapping not configured for key: {key}")
ValueError: Account mapping not configured for key: CASH
2026-03-27 21:39:04,928 ERROR sync Error syncing pos 15: Account mapping not configured for key: CASH
Traceback (most recent call last):
  File "/home/sahee/biloop/accounting/backend/sync/services.py", line 80, in sync_pos
    entry = self.journal_service.generate_pos_sale(pos.id)
            ^^^^^^^^^^^^^^^^^^^^^^^^^^^^^^^^^^^^^^^^^^^^^^
  File "/usr/lib/python3.12/contextlib.py", line 81, in inner
    return func(*args, **kwds)
           ^^^^^^^^^^^^^^^^^^^
  File "/home/sahee/biloop/accounting/backend/journals/services.py", line 160, in generate_pos_sale
    debit_ac = self._acct('CASH')
               ^^^^^^^^^^^^^^^^^^
  File "/home/sahee/biloop/accounting/backend/journals/services.py", line 29, in _acct
    raise ValueError(f"Account mapping not configured for key: {key}")
ValueError: Account mapping not configured for key: CASH
2026-03-27 21:39:04,939 ERROR sync Error syncing pos 16: Account mapping not configured for key: CASH
Traceback (most recent call last):
  File "/home/sahee/biloop/accounting/backend/sync/services.py", line 80, in sync_pos
    entry = self.journal_service.generate_pos_sale(pos.id)
            ^^^^^^^^^^^^^^^^^^^^^^^^^^^^^^^^^^^^^^^^^^^^^^
  File "/usr/lib/python3.12/contextlib.py", line 81, in inner
    return func(*args, **kwds)
           ^^^^^^^^^^^^^^^^^^^
  File "/home/sahee/biloop/accounting/backend/journals/services.py", line 160, in generate_pos_sale
    debit_ac = self._acct('CASH')
               ^^^^^^^^^^^^^^^^^^
  File "/home/sahee/biloop/accounting/backend/journals/services.py", line 29, in _acct
    raise ValueError(f"Account mapping not configured for key: {key}")
ValueError: Account mapping not configured for key: CASH
2026-03-27 21:39:04,954 ERROR sync Error syncing pos 18: Account mapping not configured for key: CASH
Traceback (most recent call last):
  File "/home/sahee/biloop/accounting/backend/sync/services.py", line 80, in sync_pos
    entry = self.journal_service.generate_pos_sale(pos.id)
            ^^^^^^^^^^^^^^^^^^^^^^^^^^^^^^^^^^^^^^^^^^^^^^
  File "/usr/lib/python3.12/contextlib.py", line 81, in inner
    return func(*args, **kwds)
           ^^^^^^^^^^^^^^^^^^^
  File "/home/sahee/biloop/accounting/backend/journals/services.py", line 160, in generate_pos_sale
    debit_ac = self._acct('CASH')
               ^^^^^^^^^^^^^^^^^^
  File "/home/sahee/biloop/accounting/backend/journals/services.py", line 29, in _acct
    raise ValueError(f"Account mapping not configured for key: {key}")
ValueError: Account mapping not configured for key: CASH
2026-03-27 21:39:04,966 ERROR sync Error syncing pos 19: Account mapping not configured for key: CASH
Traceback (most recent call last):
  File "/home/sahee/biloop/accounting/backend/sync/services.py", line 80, in sync_pos
    entry = self.journal_service.generate_pos_sale(pos.id)
            ^^^^^^^^^^^^^^^^^^^^^^^^^^^^^^^^^^^^^^^^^^^^^^
  File "/usr/lib/python3.12/contextlib.py", line 81, in inner
    return func(*args, **kwds)
           ^^^^^^^^^^^^^^^^^^^
  File "/home/sahee/biloop/accounting/backend/journals/services.py", line 160, in generate_pos_sale
    debit_ac = self._acct('CASH')
               ^^^^^^^^^^^^^^^^^^
  File "/home/sahee/biloop/accounting/backend/journals/services.py", line 29, in _acct
    raise ValueError(f"Account mapping not configured for key: {key}")
ValueError: Account mapping not configured for key: CASH
2026-03-27 21:39:04,978 ERROR sync Error syncing pos 20: Account mapping not configured for key: CASH
Traceback (most recent call last):
  File "/home/sahee/biloop/accounting/backend/sync/services.py", line 80, in sync_pos
    entry = self.journal_service.generate_pos_sale(pos.id)
            ^^^^^^^^^^^^^^^^^^^^^^^^^^^^^^^^^^^^^^^^^^^^^^
  File "/usr/lib/python3.12/contextlib.py", line 81, in inner
    return func(*args, **kwds)
           ^^^^^^^^^^^^^^^^^^^
  File "/home/sahee/biloop/accounting/backend/journals/services.py", line 160, in generate_pos_sale
    debit_ac = self._acct('CASH')
               ^^^^^^^^^^^^^^^^^^
  File "/home/sahee/biloop/accounting/backend/journals/services.py", line 29, in _acct
    raise ValueError(f"Account mapping not configured for key: {key}")
ValueError: Account mapping not configured for key: CASH
2026-03-27 21:39:05,000 ERROR sync Error syncing b2b 1: Account mapping not configured for key: TRADE_RECEIVABLES
Traceback (most recent call last):
  File "/home/sahee/biloop/accounting/backend/sync/services.py", line 104, in sync_b2b
    entry = self.journal_service.generate_b2b_sale(order.id)
            ^^^^^^^^^^^^^^^^^^^^^^^^^^^^^^^^^^^^^^^^^^^^^^^^
  File "/usr/lib/python3.12/contextlib.py", line 81, in inner
    return func(*args, **kwds)
           ^^^^^^^^^^^^^^^^^^^
  File "/home/sahee/biloop/accounting/backend/journals/services.py", line 232, in generate_b2b_sale
    account=self._acct('TRADE_RECEIVABLES'),
            ^^^^^^^^^^^^^^^^^^^^^^^^^^^^^^^
  File "/home/sahee/biloop/accounting/backend/journals/services.py", line 29, in _acct
    raise ValueError(f"Account mapping not configured for key: {key}")
ValueError: Account mapping not configured for key: TRADE_RECEIVABLES
2026-03-27 21:39:05,015 ERROR sync Error syncing b2b 3: Account mapping not configured for key: TRADE_RECEIVABLES
Traceback (most recent call last):
  File "/home/sahee/biloop/accounting/backend/sync/services.py", line 104, in sync_b2b
    entry = self.journal_service.generate_b2b_sale(order.id)
            ^^^^^^^^^^^^^^^^^^^^^^^^^^^^^^^^^^^^^^^^^^^^^^^^
  File "/usr/lib/python3.12/contextlib.py", line 81, in inner
    return func(*args, **kwds)
           ^^^^^^^^^^^^^^^^^^^
  File "/home/sahee/biloop/accounting/backend/journals/services.py", line 232, in generate_b2b_sale
    account=self._acct('TRADE_RECEIVABLES'),
            ^^^^^^^^^^^^^^^^^^^^^^^^^^^^^^^
  File "/home/sahee/biloop/accounting/backend/journals/services.py", line 29, in _acct
    raise ValueError(f"Account mapping not configured for key: {key}")
ValueError: Account mapping not configured for key: TRADE_RECEIVABLES
2026-03-27 21:39:05,029 ERROR sync Error syncing b2b 4: Account mapping not configured for key: TRADE_RECEIVABLES
Traceback (most recent call last):
  File "/home/sahee/biloop/accounting/backend/sync/services.py", line 104, in sync_b2b
    entry = self.journal_service.generate_b2b_sale(order.id)
            ^^^^^^^^^^^^^^^^^^^^^^^^^^^^^^^^^^^^^^^^^^^^^^^^
  File "/usr/lib/python3.12/contextlib.py", line 81, in inner
    return func(*args, **kwds)
           ^^^^^^^^^^^^^^^^^^^
  File "/home/sahee/biloop/accounting/backend/journals/services.py", line 232, in generate_b2b_sale
    account=self._acct('TRADE_RECEIVABLES'),
            ^^^^^^^^^^^^^^^^^^^^^^^^^^^^^^^
  File "/home/sahee/biloop/accounting/backend/journals/services.py", line 29, in _acct
    raise ValueError(f"Account mapping not configured for key: {key}")
ValueError: Account mapping not configured for key: TRADE_RECEIVABLES
2026-03-27 21:39:05,040 ERROR sync Error syncing b2b 5: Account mapping not configured for key: TRADE_RECEIVABLES
Traceback (most recent call last):
  File "/home/sahee/biloop/accounting/backend/sync/services.py", line 104, in sync_b2b
    entry = self.journal_service.generate_b2b_sale(order.id)
            ^^^^^^^^^^^^^^^^^^^^^^^^^^^^^^^^^^^^^^^^^^^^^^^^
  File "/usr/lib/python3.12/contextlib.py", line 81, in inner
    return func(*args, **kwds)
           ^^^^^^^^^^^^^^^^^^^
  File "/home/sahee/biloop/accounting/backend/journals/services.py", line 232, in generate_b2b_sale
    account=self._acct('TRADE_RECEIVABLES'),
            ^^^^^^^^^^^^^^^^^^^^^^^^^^^^^^^
  File "/home/sahee/biloop/accounting/backend/journals/services.py", line 29, in _acct
    raise ValueError(f"Account mapping not configured for key: {key}")
ValueError: Account mapping not configured for key: TRADE_RECEIVABLES
2026-03-27 21:39:05,052 ERROR sync Error syncing b2b 6: Account mapping not configured for key: TRADE_RECEIVABLES
Traceback (most recent call last):
  File "/home/sahee/biloop/accounting/backend/sync/services.py", line 104, in sync_b2b
    entry = self.journal_service.generate_b2b_sale(order.id)
            ^^^^^^^^^^^^^^^^^^^^^^^^^^^^^^^^^^^^^^^^^^^^^^^^
  File "/usr/lib/python3.12/contextlib.py", line 81, in inner
    return func(*args, **kwds)
           ^^^^^^^^^^^^^^^^^^^
  File "/home/sahee/biloop/accounting/backend/journals/services.py", line 232, in generate_b2b_sale
    account=self._acct('TRADE_RECEIVABLES'),
            ^^^^^^^^^^^^^^^^^^^^^^^^^^^^^^^
  File "/home/sahee/biloop/accounting/backend/journals/services.py", line 29, in _acct
    raise ValueError(f"Account mapping not configured for key: {key}")
ValueError: Account mapping not configured for key: TRADE_RECEIVABLES
2026-03-27 21:39:05,067 ERROR sync Error syncing b2b 7: Account mapping not configured for key: TRADE_RECEIVABLES
Traceback (most recent call last):
  File "/home/sahee/biloop/accounting/backend/sync/services.py", line 104, in sync_b2b
    entry = self.journal_service.generate_b2b_sale(order.id)
            ^^^^^^^^^^^^^^^^^^^^^^^^^^^^^^^^^^^^^^^^^^^^^^^^
  File "/usr/lib/python3.12/contextlib.py", line 81, in inner
    return func(*args, **kwds)
           ^^^^^^^^^^^^^^^^^^^
  File "/home/sahee/biloop/accounting/backend/journals/services.py", line 232, in generate_b2b_sale
    account=self._acct('TRADE_RECEIVABLES'),
            ^^^^^^^^^^^^^^^^^^^^^^^^^^^^^^^
  File "/home/sahee/biloop/accounting/backend/journals/services.py", line 29, in _acct
    raise ValueError(f"Account mapping not configured for key: {key}")
ValueError: Account mapping not configured for key: TRADE_RECEIVABLES
2026-03-27 21:39:05,079 ERROR sync Error syncing b2b 9: Account mapping not configured for key: TRADE_RECEIVABLES
Traceback (most recent call last):
  File "/home/sahee/biloop/accounting/backend/sync/services.py", line 104, in sync_b2b
    entry = self.journal_service.generate_b2b_sale(order.id)
            ^^^^^^^^^^^^^^^^^^^^^^^^^^^^^^^^^^^^^^^^^^^^^^^^
  File "/usr/lib/python3.12/contextlib.py", line 81, in inner
    return func(*args, **kwds)
           ^^^^^^^^^^^^^^^^^^^
  File "/home/sahee/biloop/accounting/backend/journals/services.py", line 232, in generate_b2b_sale
    account=self._acct('TRADE_RECEIVABLES'),
            ^^^^^^^^^^^^^^^^^^^^^^^^^^^^^^^
  File "/home/sahee/biloop/accounting/backend/journals/services.py", line 29, in _acct
    raise ValueError(f"Account mapping not configured for key: {key}")
ValueError: Account mapping not configured for key: TRADE_RECEIVABLES
2026-03-27 21:39:05,091 ERROR sync Error syncing b2b 10: Account mapping not configured for key: TRADE_RECEIVABLES
Traceback (most recent call last):
  File "/home/sahee/biloop/accounting/backend/sync/services.py", line 104, in sync_b2b
    entry = self.journal_service.generate_b2b_sale(order.id)
            ^^^^^^^^^^^^^^^^^^^^^^^^^^^^^^^^^^^^^^^^^^^^^^^^
  File "/usr/lib/python3.12/contextlib.py", line 81, in inner
    return func(*args, **kwds)
           ^^^^^^^^^^^^^^^^^^^
  File "/home/sahee/biloop/accounting/backend/journals/services.py", line 232, in generate_b2b_sale
    account=self._acct('TRADE_RECEIVABLES'),
            ^^^^^^^^^^^^^^^^^^^^^^^^^^^^^^^
  File "/home/sahee/biloop/accounting/backend/journals/services.py", line 29, in _acct
    raise ValueError(f"Account mapping not configured for key: {key}")
ValueError: Account mapping not configured for key: TRADE_RECEIVABLES
2026-03-27 21:39:05,103 ERROR sync Error syncing b2b 11: Account mapping not configured for key: TRADE_RECEIVABLES
Traceback (most recent call last):
  File "/home/sahee/biloop/accounting/backend/sync/services.py", line 104, in sync_b2b
    entry = self.journal_service.generate_b2b_sale(order.id)
            ^^^^^^^^^^^^^^^^^^^^^^^^^^^^^^^^^^^^^^^^^^^^^^^^
  File "/usr/lib/python3.12/contextlib.py", line 81, in inner
    return func(*args, **kwds)
           ^^^^^^^^^^^^^^^^^^^
  File "/home/sahee/biloop/accounting/backend/journals/services.py", line 232, in generate_b2b_sale
    account=self._acct('TRADE_RECEIVABLES'),
            ^^^^^^^^^^^^^^^^^^^^^^^^^^^^^^^
  File "/home/sahee/biloop/accounting/backend/journals/services.py", line 29, in _acct
    raise ValueError(f"Account mapping not configured for key: {key}")
ValueError: Account mapping not configured for key: TRADE_RECEIVABLES
2026-03-27 21:39:05,117 ERROR sync Error syncing b2b 12: Account mapping not configured for key: TRADE_RECEIVABLES
Traceback (most recent call last):
  File "/home/sahee/biloop/accounting/backend/sync/services.py", line 104, in sync_b2b
    entry = self.journal_service.generate_b2b_sale(order.id)
            ^^^^^^^^^^^^^^^^^^^^^^^^^^^^^^^^^^^^^^^^^^^^^^^^
  File "/usr/lib/python3.12/contextlib.py", line 81, in inner
    return func(*args, **kwds)
           ^^^^^^^^^^^^^^^^^^^
  File "/home/sahee/biloop/accounting/backend/journals/services.py", line 232, in generate_b2b_sale
    account=self._acct('TRADE_RECEIVABLES'),
            ^^^^^^^^^^^^^^^^^^^^^^^^^^^^^^^
  File "/home/sahee/biloop/accounting/backend/journals/services.py", line 29, in _acct
    raise ValueError(f"Account mapping not configured for key: {key}")
ValueError: Account mapping not configured for key: TRADE_RECEIVABLES
2026-03-27 21:39:05,128 ERROR sync Error syncing b2b 13: Account mapping not configured for key: TRADE_RECEIVABLES
Traceback (most recent call last):
  File "/home/sahee/biloop/accounting/backend/sync/services.py", line 104, in sync_b2b
    entry = self.journal_service.generate_b2b_sale(order.id)
            ^^^^^^^^^^^^^^^^^^^^^^^^^^^^^^^^^^^^^^^^^^^^^^^^
  File "/usr/lib/python3.12/contextlib.py", line 81, in inner
    return func(*args, **kwds)
           ^^^^^^^^^^^^^^^^^^^
  File "/home/sahee/biloop/accounting/backend/journals/services.py", line 232, in generate_b2b_sale
    account=self._acct('TRADE_RECEIVABLES'),
            ^^^^^^^^^^^^^^^^^^^^^^^^^^^^^^^
  File "/home/sahee/biloop/accounting/backend/journals/services.py", line 29, in _acct
    raise ValueError(f"Account mapping not configured for key: {key}")
ValueError: Account mapping not configured for key: TRADE_RECEIVABLES
2026-03-27 21:39:05,140 ERROR sync Error syncing b2b 14: Account mapping not configured for key: TRADE_RECEIVABLES
Traceback (most recent call last):
  File "/home/sahee/biloop/accounting/backend/sync/services.py", line 104, in sync_b2b
    entry = self.journal_service.generate_b2b_sale(order.id)
            ^^^^^^^^^^^^^^^^^^^^^^^^^^^^^^^^^^^^^^^^^^^^^^^^
  File "/usr/lib/python3.12/contextlib.py", line 81, in inner
    return func(*args, **kwds)
           ^^^^^^^^^^^^^^^^^^^
  File "/home/sahee/biloop/accounting/backend/journals/services.py", line 232, in generate_b2b_sale
    account=self._acct('TRADE_RECEIVABLES'),
            ^^^^^^^^^^^^^^^^^^^^^^^^^^^^^^^
  File "/home/sahee/biloop/accounting/backend/journals/services.py", line 29, in _acct
    raise ValueError(f"Account mapping not configured for key: {key}")
ValueError: Account mapping not configured for key: TRADE_RECEIVABLES
2026-03-27 21:39:05,153 ERROR sync Error syncing b2b 15: Account mapping not configured for key: TRADE_RECEIVABLES
Traceback (most recent call last):
  File "/home/sahee/biloop/accounting/backend/sync/services.py", line 104, in sync_b2b
    entry = self.journal_service.generate_b2b_sale(order.id)
            ^^^^^^^^^^^^^^^^^^^^^^^^^^^^^^^^^^^^^^^^^^^^^^^^
  File "/usr/lib/python3.12/contextlib.py", line 81, in inner
    return func(*args, **kwds)
           ^^^^^^^^^^^^^^^^^^^
  File "/home/sahee/biloop/accounting/backend/journals/services.py", line 232, in generate_b2b_sale
    account=self._acct('TRADE_RECEIVABLES'),
            ^^^^^^^^^^^^^^^^^^^^^^^^^^^^^^^
  File "/home/sahee/biloop/accounting/backend/journals/services.py", line 29, in _acct
    raise ValueError(f"Account mapping not configured for key: {key}")
ValueError: Account mapping not configured for key: TRADE_RECEIVABLES
2026-03-27 21:39:05,179 ERROR sync Error syncing return 1: Account mapping not configured for key: SALES_RETURNS
Traceback (most recent call last):
  File "/home/sahee/biloop/accounting/backend/sync/services.py", line 128, in sync_returns
    entry = self.journal_service.generate_sales_return(ret.id)
            ^^^^^^^^^^^^^^^^^^^^^^^^^^^^^^^^^^^^^^^^^^^^^^^^^^
  File "/usr/lib/python3.12/contextlib.py", line 81, in inner
    return func(*args, **kwds)
           ^^^^^^^^^^^^^^^^^^^
  File "/home/sahee/biloop/accounting/backend/journals/services.py", line 288, in generate_sales_return
    JournalEntryLine.objects.create(entry=entry, account=self._acct('SALES_RETURNS'), debit=sales_amount)
                                                         ^^^^^^^^^^^^^^^^^^^^^^^^^^^
  File "/home/sahee/biloop/accounting/backend/journals/services.py", line 29, in _acct
    raise ValueError(f"Account mapping not configured for key: {key}")
ValueError: Account mapping not configured for key: SALES_RETURNS
2026-03-27 21:39:05,191 ERROR sync Error syncing return 2: Account mapping not configured for key: SALES_RETURNS
Traceback (most recent call last):
  File "/home/sahee/biloop/accounting/backend/sync/services.py", line 128, in sync_returns
    entry = self.journal_service.generate_sales_return(ret.id)
            ^^^^^^^^^^^^^^^^^^^^^^^^^^^^^^^^^^^^^^^^^^^^^^^^^^
  File "/usr/lib/python3.12/contextlib.py", line 81, in inner
    return func(*args, **kwds)
           ^^^^^^^^^^^^^^^^^^^
  File "/home/sahee/biloop/accounting/backend/journals/services.py", line 288, in generate_sales_return
    JournalEntryLine.objects.create(entry=entry, account=self._acct('SALES_RETURNS'), debit=sales_amount)
                                                         ^^^^^^^^^^^^^^^^^^^^^^^^^^^
  File "/home/sahee/biloop/accounting/backend/journals/services.py", line 29, in _acct
    raise ValueError(f"Account mapping not configured for key: {key}")
ValueError: Account mapping not configured for key: SALES_RETURNS
2026-03-27 21:39:05,203 ERROR sync Error syncing return 3: Account mapping not configured for key: SALES_RETURNS
Traceback (most recent call last):
  File "/home/sahee/biloop/accounting/backend/sync/services.py", line 128, in sync_returns
    entry = self.journal_service.generate_sales_return(ret.id)
            ^^^^^^^^^^^^^^^^^^^^^^^^^^^^^^^^^^^^^^^^^^^^^^^^^^
  File "/usr/lib/python3.12/contextlib.py", line 81, in inner
    return func(*args, **kwds)
           ^^^^^^^^^^^^^^^^^^^
  File "/home/sahee/biloop/accounting/backend/journals/services.py", line 288, in generate_sales_return
    JournalEntryLine.objects.create(entry=entry, account=self._acct('SALES_RETURNS'), debit=sales_amount)
                                                         ^^^^^^^^^^^^^^^^^^^^^^^^^^^
  File "/home/sahee/biloop/accounting/backend/journals/services.py", line 29, in _acct
    raise ValueError(f"Account mapping not configured for key: {key}")
ValueError: Account mapping not configured for key: SALES_RETURNS
2026-03-27 21:39:05,217 ERROR sync Error syncing return 4: Account mapping not configured for key: SALES_RETURNS
Traceback (most recent call last):
  File "/home/sahee/biloop/accounting/backend/sync/services.py", line 128, in sync_returns
    entry = self.journal_service.generate_sales_return(ret.id)
            ^^^^^^^^^^^^^^^^^^^^^^^^^^^^^^^^^^^^^^^^^^^^^^^^^^
  File "/usr/lib/python3.12/contextlib.py", line 81, in inner
    return func(*args, **kwds)
           ^^^^^^^^^^^^^^^^^^^
  File "/home/sahee/biloop/accounting/backend/journals/services.py", line 288, in generate_sales_return
    JournalEntryLine.objects.create(entry=entry, account=self._acct('SALES_RETURNS'), debit=sales_amount)
                                                         ^^^^^^^^^^^^^^^^^^^^^^^^^^^
  File "/home/sahee/biloop/accounting/backend/journals/services.py", line 29, in _acct
    raise ValueError(f"Account mapping not configured for key: {key}")
ValueError: Account mapping not configured for key: SALES_RETURNS
2026-03-27 21:39:05,231 ERROR sync Error syncing return 5: Account mapping not configured for key: SALES_RETURNS
Traceback (most recent call last):
  File "/home/sahee/biloop/accounting/backend/sync/services.py", line 128, in sync_returns
    entry = self.journal_service.generate_sales_return(ret.id)
            ^^^^^^^^^^^^^^^^^^^^^^^^^^^^^^^^^^^^^^^^^^^^^^^^^^
  File "/usr/lib/python3.12/contextlib.py", line 81, in inner
    return func(*args, **kwds)
           ^^^^^^^^^^^^^^^^^^^
  File "/home/sahee/biloop/accounting/backend/journals/services.py", line 288, in generate_sales_return
    JournalEntryLine.objects.create(entry=entry, account=self._acct('SALES_RETURNS'), debit=sales_amount)
                                                         ^^^^^^^^^^^^^^^^^^^^^^^^^^^
  File "/home/sahee/biloop/accounting/backend/journals/services.py", line 29, in _acct
    raise ValueError(f"Account mapping not configured for key: {key}")
ValueError: Account mapping not configured for key: SALES_RETURNS
2026-03-27 21:39:05,244 ERROR sync Error syncing return 6: Account mapping not configured for key: SALES_RETURNS
Traceback (most recent call last):
  File "/home/sahee/biloop/accounting/backend/sync/services.py", line 128, in sync_returns
    entry = self.journal_service.generate_sales_return(ret.id)
            ^^^^^^^^^^^^^^^^^^^^^^^^^^^^^^^^^^^^^^^^^^^^^^^^^^
  File "/usr/lib/python3.12/contextlib.py", line 81, in inner
    return func(*args, **kwds)
           ^^^^^^^^^^^^^^^^^^^
  File "/home/sahee/biloop/accounting/backend/journals/services.py", line 288, in generate_sales_return
    JournalEntryLine.objects.create(entry=entry, account=self._acct('SALES_RETURNS'), debit=sales_amount)
                                                         ^^^^^^^^^^^^^^^^^^^^^^^^^^^
  File "/home/sahee/biloop/accounting/backend/journals/services.py", line 29, in _acct
    raise ValueError(f"Account mapping not configured for key: {key}")
ValueError: Account mapping not configured for key: SALES_RETURNS
2026-03-27 21:39:05,256 ERROR sync Error syncing return 7: Account mapping not configured for key: SALES_RETURNS
Traceback (most recent call last):
  File "/home/sahee/biloop/accounting/backend/sync/services.py", line 128, in sync_returns
    entry = self.journal_service.generate_sales_return(ret.id)
            ^^^^^^^^^^^^^^^^^^^^^^^^^^^^^^^^^^^^^^^^^^^^^^^^^^
  File "/usr/lib/python3.12/contextlib.py", line 81, in inner
    return func(*args, **kwds)
           ^^^^^^^^^^^^^^^^^^^
  File "/home/sahee/biloop/accounting/backend/journals/services.py", line 288, in generate_sales_return
    JournalEntryLine.objects.create(entry=entry, account=self._acct('SALES_RETURNS'), debit=sales_amount)
                                                         ^^^^^^^^^^^^^^^^^^^^^^^^^^^
  File "/home/sahee/biloop/accounting/backend/journals/services.py", line 29, in _acct
    raise ValueError(f"Account mapping not configured for key: {key}")
ValueError: Account mapping not configured for key: SALES_RETURNS
2026-03-27 21:39:05,269 ERROR sync Error syncing return 8: Account mapping not configured for key: SALES_RETURNS
Traceback (most recent call last):
  File "/home/sahee/biloop/accounting/backend/sync/services.py", line 128, in sync_returns
    entry = self.journal_service.generate_sales_return(ret.id)
            ^^^^^^^^^^^^^^^^^^^^^^^^^^^^^^^^^^^^^^^^^^^^^^^^^^
  File "/usr/lib/python3.12/contextlib.py", line 81, in inner
    return func(*args, **kwds)
           ^^^^^^^^^^^^^^^^^^^
  File "/home/sahee/biloop/accounting/backend/journals/services.py", line 288, in generate_sales_return
    JournalEntryLine.objects.create(entry=entry, account=self._acct('SALES_RETURNS'), debit=sales_amount)
                                                         ^^^^^^^^^^^^^^^^^^^^^^^^^^^
  File "/home/sahee/biloop/accounting/backend/journals/services.py", line 29, in _acct
    raise ValueError(f"Account mapping not configured for key: {key}")
ValueError: Account mapping not configured for key: SALES_RETURNS
2026-03-27 21:39:05,295 ERROR sync Error syncing purchase_return 1: Account mapping not configured for key: TRADE_PAYABLES
Traceback (most recent call last):
  File "/home/sahee/biloop/accounting/backend/sync/services.py", line 153, in sync_purchase_returns
    entry = self.journal_service.generate_purchase_return(ret.id)
            ^^^^^^^^^^^^^^^^^^^^^^^^^^^^^^^^^^^^^^^^^^^^^^^^^^^^^
  File "/usr/lib/python3.12/contextlib.py", line 81, in inner
    return func(*args, **kwds)
           ^^^^^^^^^^^^^^^^^^^
  File "/home/sahee/biloop/accounting/backend/journals/services.py", line 352, in generate_purchase_return
    account=self._acct('TRADE_PAYABLES'),
            ^^^^^^^^^^^^^^^^^^^^^^^^^^^^
  File "/home/sahee/biloop/accounting/backend/journals/services.py", line 29, in _acct
    raise ValueError(f"Account mapping not configured for key: {key}")
ValueError: Account mapping not configured for key: TRADE_PAYABLES
2026-03-27 21:39:05,309 ERROR sync Error syncing purchase_return 2: Account mapping not configured for key: TRADE_PAYABLES
Traceback (most recent call last):
  File "/home/sahee/biloop/accounting/backend/sync/services.py", line 153, in sync_purchase_returns
    entry = self.journal_service.generate_purchase_return(ret.id)
            ^^^^^^^^^^^^^^^^^^^^^^^^^^^^^^^^^^^^^^^^^^^^^^^^^^^^^
  File "/usr/lib/python3.12/contextlib.py", line 81, in inner
    return func(*args, **kwds)
           ^^^^^^^^^^^^^^^^^^^
  File "/home/sahee/biloop/accounting/backend/journals/services.py", line 352, in generate_purchase_return
    account=self._acct('TRADE_PAYABLES'),
            ^^^^^^^^^^^^^^^^^^^^^^^^^^^^
  File "/home/sahee/biloop/accounting/backend/journals/services.py", line 29, in _acct
    raise ValueError(f"Account mapping not configured for key: {key}")
ValueError: Account mapping not configured for key: TRADE_PAYABLES
2026-03-27 21:39:05,321 ERROR sync Error syncing purchase_return 3: Account mapping not configured for key: TRADE_PAYABLES
Traceback (most recent call last):
  File "/home/sahee/biloop/accounting/backend/sync/services.py", line 153, in sync_purchase_returns
    entry = self.journal_service.generate_purchase_return(ret.id)
            ^^^^^^^^^^^^^^^^^^^^^^^^^^^^^^^^^^^^^^^^^^^^^^^^^^^^^
  File "/usr/lib/python3.12/contextlib.py", line 81, in inner
    return func(*args, **kwds)
           ^^^^^^^^^^^^^^^^^^^
  File "/home/sahee/biloop/accounting/backend/journals/services.py", line 352, in generate_purchase_return
    account=self._acct('TRADE_PAYABLES'),
            ^^^^^^^^^^^^^^^^^^^^^^^^^^^^
  File "/home/sahee/biloop/accounting/backend/journals/services.py", line 29, in _acct
    raise ValueError(f"Account mapping not configured for key: {key}")
ValueError: Account mapping not configured for key: TRADE_PAYABLES
2026-03-27 21:39:05,337 ERROR sync Error syncing purchase_return 4: Account mapping not configured for key: TRADE_PAYABLES
Traceback (most recent call last):
  File "/home/sahee/biloop/accounting/backend/sync/services.py", line 153, in sync_purchase_returns
    entry = self.journal_service.generate_purchase_return(ret.id)
            ^^^^^^^^^^^^^^^^^^^^^^^^^^^^^^^^^^^^^^^^^^^^^^^^^^^^^
  File "/usr/lib/python3.12/contextlib.py", line 81, in inner
    return func(*args, **kwds)
           ^^^^^^^^^^^^^^^^^^^
  File "/home/sahee/biloop/accounting/backend/journals/services.py", line 352, in generate_purchase_return
    account=self._acct('TRADE_PAYABLES'),
            ^^^^^^^^^^^^^^^^^^^^^^^^^^^^
  File "/home/sahee/biloop/accounting/backend/journals/services.py", line 29, in _acct
    raise ValueError(f"Account mapping not configured for key: {key}")
ValueError: Account mapping not configured for key: TRADE_PAYABLES
2026-03-27 21:39:05,350 ERROR sync Error syncing purchase_return 5: Account mapping not configured for key: TRADE_PAYABLES
Traceback (most recent call last):
  File "/home/sahee/biloop/accounting/backend/sync/services.py", line 153, in sync_purchase_returns
    entry = self.journal_service.generate_purchase_return(ret.id)
            ^^^^^^^^^^^^^^^^^^^^^^^^^^^^^^^^^^^^^^^^^^^^^^^^^^^^^
  File "/usr/lib/python3.12/contextlib.py", line 81, in inner
    return func(*args, **kwds)
           ^^^^^^^^^^^^^^^^^^^
  File "/home/sahee/biloop/accounting/backend/journals/services.py", line 352, in generate_purchase_return
    account=self._acct('TRADE_PAYABLES'),
            ^^^^^^^^^^^^^^^^^^^^^^^^^^^^
  File "/home/sahee/biloop/accounting/backend/journals/services.py", line 29, in _acct
    raise ValueError(f"Account mapping not configured for key: {key}")
ValueError: Account mapping not configured for key: TRADE_PAYABLES
2026-03-27 21:39:42,632 ERROR sync Error syncing purchase 6: Account mapping not configured for key: PURCHASES
Traceback (most recent call last):
  File "/home/sahee/biloop/accounting/backend/sync/services.py", line 56, in sync_purchases
    entry = self.journal_service.generate_purchase(po.id)
            ^^^^^^^^^^^^^^^^^^^^^^^^^^^^^^^^^^^^^^^^^^^^^
  File "/usr/lib/python3.12/contextlib.py", line 81, in inner
    return func(*args, **kwds)
           ^^^^^^^^^^^^^^^^^^^
  File "/home/sahee/biloop/accounting/backend/journals/services.py", line 94, in generate_purchase
    JournalEntryLine.objects.create(entry=entry, account=self._acct('PURCHASES'), debit=total_purchases)
                                                         ^^^^^^^^^^^^^^^^^^^^^^^
  File "/home/sahee/biloop/accounting/backend/journals/services.py", line 29, in _acct
    raise ValueError(f"Account mapping not configured for key: {key}")
ValueError: Account mapping not configured for key: PURCHASES
2026-03-27 21:39:42,648 ERROR sync Error syncing purchase 7: Account mapping not configured for key: PURCHASES
Traceback (most recent call last):
  File "/home/sahee/biloop/accounting/backend/sync/services.py", line 56, in sync_purchases
    entry = self.journal_service.generate_purchase(po.id)
            ^^^^^^^^^^^^^^^^^^^^^^^^^^^^^^^^^^^^^^^^^^^^^
  File "/usr/lib/python3.12/contextlib.py", line 81, in inner
    return func(*args, **kwds)
           ^^^^^^^^^^^^^^^^^^^
  File "/home/sahee/biloop/accounting/backend/journals/services.py", line 94, in generate_purchase
    JournalEntryLine.objects.create(entry=entry, account=self._acct('PURCHASES'), debit=total_purchases)
                                                         ^^^^^^^^^^^^^^^^^^^^^^^
  File "/home/sahee/biloop/accounting/backend/journals/services.py", line 29, in _acct
    raise ValueError(f"Account mapping not configured for key: {key}")
ValueError: Account mapping not configured for key: PURCHASES
2026-03-27 21:39:42,662 ERROR sync Error syncing purchase 8: Account mapping not configured for key: PURCHASES
Traceback (most recent call last):
  File "/home/sahee/biloop/accounting/backend/sync/services.py", line 56, in sync_purchases
    entry = self.journal_service.generate_purchase(po.id)
            ^^^^^^^^^^^^^^^^^^^^^^^^^^^^^^^^^^^^^^^^^^^^^
  File "/usr/lib/python3.12/contextlib.py", line 81, in inner
    return func(*args, **kwds)
           ^^^^^^^^^^^^^^^^^^^
  File "/home/sahee/biloop/accounting/backend/journals/services.py", line 94, in generate_purchase
    JournalEntryLine.objects.create(entry=entry, account=self._acct('PURCHASES'), debit=total_purchases)
                                                         ^^^^^^^^^^^^^^^^^^^^^^^
  File "/home/sahee/biloop/accounting/backend/journals/services.py", line 29, in _acct
    raise ValueError(f"Account mapping not configured for key: {key}")
ValueError: Account mapping not configured for key: PURCHASES
2026-03-27 21:39:42,674 ERROR sync Error syncing purchase 9: Account mapping not configured for key: PURCHASES
Traceback (most recent call last):
  File "/home/sahee/biloop/accounting/backend/sync/services.py", line 56, in sync_purchases
    entry = self.journal_service.generate_purchase(po.id)
            ^^^^^^^^^^^^^^^^^^^^^^^^^^^^^^^^^^^^^^^^^^^^^
  File "/usr/lib/python3.12/contextlib.py", line 81, in inner
    return func(*args, **kwds)
           ^^^^^^^^^^^^^^^^^^^
  File "/home/sahee/biloop/accounting/backend/journals/services.py", line 94, in generate_purchase
    JournalEntryLine.objects.create(entry=entry, account=self._acct('PURCHASES'), debit=total_purchases)
                                                         ^^^^^^^^^^^^^^^^^^^^^^^
  File "/home/sahee/biloop/accounting/backend/journals/services.py", line 29, in _acct
    raise ValueError(f"Account mapping not configured for key: {key}")
ValueError: Account mapping not configured for key: PURCHASES
2026-03-27 21:39:42,686 ERROR sync Error syncing purchase 10: Account mapping not configured for key: PURCHASES
Traceback (most recent call last):
  File "/home/sahee/biloop/accounting/backend/sync/services.py", line 56, in sync_purchases
    entry = self.journal_service.generate_purchase(po.id)
            ^^^^^^^^^^^^^^^^^^^^^^^^^^^^^^^^^^^^^^^^^^^^^
  File "/usr/lib/python3.12/contextlib.py", line 81, in inner
    return func(*args, **kwds)
           ^^^^^^^^^^^^^^^^^^^
  File "/home/sahee/biloop/accounting/backend/journals/services.py", line 94, in generate_purchase
    JournalEntryLine.objects.create(entry=entry, account=self._acct('PURCHASES'), debit=total_purchases)
                                                         ^^^^^^^^^^^^^^^^^^^^^^^
  File "/home/sahee/biloop/accounting/backend/journals/services.py", line 29, in _acct
    raise ValueError(f"Account mapping not configured for key: {key}")
ValueError: Account mapping not configured for key: PURCHASES
2026-03-27 21:39:42,698 ERROR sync Error syncing purchase 11: Account mapping not configured for key: PURCHASES
Traceback (most recent call last):
  File "/home/sahee/biloop/accounting/backend/sync/services.py", line 56, in sync_purchases
    entry = self.journal_service.generate_purchase(po.id)
            ^^^^^^^^^^^^^^^^^^^^^^^^^^^^^^^^^^^^^^^^^^^^^
  File "/usr/lib/python3.12/contextlib.py", line 81, in inner
    return func(*args, **kwds)
           ^^^^^^^^^^^^^^^^^^^
  File "/home/sahee/biloop/accounting/backend/journals/services.py", line 94, in generate_purchase
    JournalEntryLine.objects.create(entry=entry, account=self._acct('PURCHASES'), debit=total_purchases)
                                                         ^^^^^^^^^^^^^^^^^^^^^^^
  File "/home/sahee/biloop/accounting/backend/journals/services.py", line 29, in _acct
    raise ValueError(f"Account mapping not configured for key: {key}")
ValueError: Account mapping not configured for key: PURCHASES
2026-03-27 21:39:42,710 ERROR sync Error syncing purchase 12: Account mapping not configured for key: PURCHASES
Traceback (most recent call last):
  File "/home/sahee/biloop/accounting/backend/sync/services.py", line 56, in sync_purchases
    entry = self.journal_service.generate_purchase(po.id)
            ^^^^^^^^^^^^^^^^^^^^^^^^^^^^^^^^^^^^^^^^^^^^^
  File "/usr/lib/python3.12/contextlib.py", line 81, in inner
    return func(*args, **kwds)
           ^^^^^^^^^^^^^^^^^^^
  File "/home/sahee/biloop/accounting/backend/journals/services.py", line 94, in generate_purchase
    JournalEntryLine.objects.create(entry=entry, account=self._acct('PURCHASES'), debit=total_purchases)
                                                         ^^^^^^^^^^^^^^^^^^^^^^^
  File "/home/sahee/biloop/accounting/backend/journals/services.py", line 29, in _acct
    raise ValueError(f"Account mapping not configured for key: {key}")
ValueError: Account mapping not configured for key: PURCHASES
2026-03-27 21:39:42,723 ERROR sync Error syncing purchase 13: Account mapping not configured for key: PURCHASES
Traceback (most recent call last):
  File "/home/sahee/biloop/accounting/backend/sync/services.py", line 56, in sync_purchases
    entry = self.journal_service.generate_purchase(po.id)
            ^^^^^^^^^^^^^^^^^^^^^^^^^^^^^^^^^^^^^^^^^^^^^
  File "/usr/lib/python3.12/contextlib.py", line 81, in inner
    return func(*args, **kwds)
           ^^^^^^^^^^^^^^^^^^^
  File "/home/sahee/biloop/accounting/backend/journals/services.py", line 94, in generate_purchase
    JournalEntryLine.objects.create(entry=entry, account=self._acct('PURCHASES'), debit=total_purchases)
                                                         ^^^^^^^^^^^^^^^^^^^^^^^
  File "/home/sahee/biloop/accounting/backend/journals/services.py", line 29, in _acct
    raise ValueError(f"Account mapping not configured for key: {key}")
ValueError: Account mapping not configured for key: PURCHASES
2026-03-27 21:39:42,735 ERROR sync Error syncing purchase 14: Account mapping not configured for key: PURCHASES
Traceback (most recent call last):
  File "/home/sahee/biloop/accounting/backend/sync/services.py", line 56, in sync_purchases
    entry = self.journal_service.generate_purchase(po.id)
            ^^^^^^^^^^^^^^^^^^^^^^^^^^^^^^^^^^^^^^^^^^^^^
  File "/usr/lib/python3.12/contextlib.py", line 81, in inner
    return func(*args, **kwds)
           ^^^^^^^^^^^^^^^^^^^
  File "/home/sahee/biloop/accounting/backend/journals/services.py", line 94, in generate_purchase
    JournalEntryLine.objects.create(entry=entry, account=self._acct('PURCHASES'), debit=total_purchases)
                                                         ^^^^^^^^^^^^^^^^^^^^^^^
  File "/home/sahee/biloop/accounting/backend/journals/services.py", line 29, in _acct
    raise ValueError(f"Account mapping not configured for key: {key}")
ValueError: Account mapping not configured for key: PURCHASES
2026-03-27 21:39:42,748 ERROR sync Error syncing purchase 15: Account mapping not configured for key: PURCHASES
Traceback (most recent call last):
  File "/home/sahee/biloop/accounting/backend/sync/services.py", line 56, in sync_purchases
    entry = self.journal_service.generate_purchase(po.id)
            ^^^^^^^^^^^^^^^^^^^^^^^^^^^^^^^^^^^^^^^^^^^^^
  File "/usr/lib/python3.12/contextlib.py", line 81, in inner
    return func(*args, **kwds)
           ^^^^^^^^^^^^^^^^^^^
  File "/home/sahee/biloop/accounting/backend/journals/services.py", line 94, in generate_purchase
    JournalEntryLine.objects.create(entry=entry, account=self._acct('PURCHASES'), debit=total_purchases)
                                                         ^^^^^^^^^^^^^^^^^^^^^^^
  File "/home/sahee/biloop/accounting/backend/journals/services.py", line 29, in _acct
    raise ValueError(f"Account mapping not configured for key: {key}")
ValueError: Account mapping not configured for key: PURCHASES
2026-03-27 21:39:42,771 ERROR sync Error syncing pos 1: Account mapping not configured for key: CASH
Traceback (most recent call last):
  File "/home/sahee/biloop/accounting/backend/sync/services.py", line 80, in sync_pos
    entry = self.journal_service.generate_pos_sale(pos.id)
            ^^^^^^^^^^^^^^^^^^^^^^^^^^^^^^^^^^^^^^^^^^^^^^
  File "/usr/lib/python3.12/contextlib.py", line 81, in inner
    return func(*args, **kwds)
           ^^^^^^^^^^^^^^^^^^^
  File "/home/sahee/biloop/accounting/backend/journals/services.py", line 160, in generate_pos_sale
    debit_ac = self._acct('CASH')
               ^^^^^^^^^^^^^^^^^^
  File "/home/sahee/biloop/accounting/backend/journals/services.py", line 29, in _acct
    raise ValueError(f"Account mapping not configured for key: {key}")
ValueError: Account mapping not configured for key: CASH
2026-03-27 21:39:42,783 ERROR sync Error syncing pos 2: Account mapping not configured for key: CASH
Traceback (most recent call last):
  File "/home/sahee/biloop/accounting/backend/sync/services.py", line 80, in sync_pos
    entry = self.journal_service.generate_pos_sale(pos.id)
            ^^^^^^^^^^^^^^^^^^^^^^^^^^^^^^^^^^^^^^^^^^^^^^
  File "/usr/lib/python3.12/contextlib.py", line 81, in inner
    return func(*args, **kwds)
           ^^^^^^^^^^^^^^^^^^^
  File "/home/sahee/biloop/accounting/backend/journals/services.py", line 160, in generate_pos_sale
    debit_ac = self._acct('CASH')
               ^^^^^^^^^^^^^^^^^^
  File "/home/sahee/biloop/accounting/backend/journals/services.py", line 29, in _acct
    raise ValueError(f"Account mapping not configured for key: {key}")
ValueError: Account mapping not configured for key: CASH
2026-03-27 21:39:42,795 ERROR sync Error syncing pos 3: Account mapping not configured for key: CASH
Traceback (most recent call last):
  File "/home/sahee/biloop/accounting/backend/sync/services.py", line 80, in sync_pos
    entry = self.journal_service.generate_pos_sale(pos.id)
            ^^^^^^^^^^^^^^^^^^^^^^^^^^^^^^^^^^^^^^^^^^^^^^
  File "/usr/lib/python3.12/contextlib.py", line 81, in inner
    return func(*args, **kwds)
           ^^^^^^^^^^^^^^^^^^^
  File "/home/sahee/biloop/accounting/backend/journals/services.py", line 160, in generate_pos_sale
    debit_ac = self._acct('CASH')
               ^^^^^^^^^^^^^^^^^^
  File "/home/sahee/biloop/accounting/backend/journals/services.py", line 29, in _acct
    raise ValueError(f"Account mapping not configured for key: {key}")
ValueError: Account mapping not configured for key: CASH
2026-03-27 21:39:42,806 ERROR sync Error syncing pos 5: Account mapping not configured for key: CASH
Traceback (most recent call last):
  File "/home/sahee/biloop/accounting/backend/sync/services.py", line 80, in sync_pos
    entry = self.journal_service.generate_pos_sale(pos.id)
            ^^^^^^^^^^^^^^^^^^^^^^^^^^^^^^^^^^^^^^^^^^^^^^
  File "/usr/lib/python3.12/contextlib.py", line 81, in inner
    return func(*args, **kwds)
           ^^^^^^^^^^^^^^^^^^^
  File "/home/sahee/biloop/accounting/backend/journals/services.py", line 160, in generate_pos_sale
    debit_ac = self._acct('CASH')
               ^^^^^^^^^^^^^^^^^^
  File "/home/sahee/biloop/accounting/backend/journals/services.py", line 29, in _acct
    raise ValueError(f"Account mapping not configured for key: {key}")
ValueError: Account mapping not configured for key: CASH
2026-03-27 21:39:42,817 ERROR sync Error syncing pos 6: Account mapping not configured for key: CASH
Traceback (most recent call last):
  File "/home/sahee/biloop/accounting/backend/sync/services.py", line 80, in sync_pos
    entry = self.journal_service.generate_pos_sale(pos.id)
            ^^^^^^^^^^^^^^^^^^^^^^^^^^^^^^^^^^^^^^^^^^^^^^
  File "/usr/lib/python3.12/contextlib.py", line 81, in inner
    return func(*args, **kwds)
           ^^^^^^^^^^^^^^^^^^^
  File "/home/sahee/biloop/accounting/backend/journals/services.py", line 160, in generate_pos_sale
    debit_ac = self._acct('CASH')
               ^^^^^^^^^^^^^^^^^^
  File "/home/sahee/biloop/accounting/backend/journals/services.py", line 29, in _acct
    raise ValueError(f"Account mapping not configured for key: {key}")
ValueError: Account mapping not configured for key: CASH
2026-03-27 21:39:42,829 ERROR sync Error syncing pos 7: Account mapping not configured for key: CASH
Traceback (most recent call last):
  File "/home/sahee/biloop/accounting/backend/sync/services.py", line 80, in sync_pos
    entry = self.journal_service.generate_pos_sale(pos.id)
            ^^^^^^^^^^^^^^^^^^^^^^^^^^^^^^^^^^^^^^^^^^^^^^
  File "/usr/lib/python3.12/contextlib.py", line 81, in inner
    return func(*args, **kwds)
           ^^^^^^^^^^^^^^^^^^^
  File "/home/sahee/biloop/accounting/backend/journals/services.py", line 160, in generate_pos_sale
    debit_ac = self._acct('CASH')
               ^^^^^^^^^^^^^^^^^^
  File "/home/sahee/biloop/accounting/backend/journals/services.py", line 29, in _acct
    raise ValueError(f"Account mapping not configured for key: {key}")
ValueError: Account mapping not configured for key: CASH
2026-03-27 21:39:42,840 ERROR sync Error syncing pos 8: Account mapping not configured for key: CASH
Traceback (most recent call last):
  File "/home/sahee/biloop/accounting/backend/sync/services.py", line 80, in sync_pos
    entry = self.journal_service.generate_pos_sale(pos.id)
            ^^^^^^^^^^^^^^^^^^^^^^^^^^^^^^^^^^^^^^^^^^^^^^
  File "/usr/lib/python3.12/contextlib.py", line 81, in inner
    return func(*args, **kwds)
           ^^^^^^^^^^^^^^^^^^^
  File "/home/sahee/biloop/accounting/backend/journals/services.py", line 160, in generate_pos_sale
    debit_ac = self._acct('CASH')
               ^^^^^^^^^^^^^^^^^^
  File "/home/sahee/biloop/accounting/backend/journals/services.py", line 29, in _acct
    raise ValueError(f"Account mapping not configured for key: {key}")
ValueError: Account mapping not configured for key: CASH
2026-03-27 21:39:42,854 ERROR sync Error syncing pos 9: Account mapping not configured for key: CASH
Traceback (most recent call last):
  File "/home/sahee/biloop/accounting/backend/sync/services.py", line 80, in sync_pos
    entry = self.journal_service.generate_pos_sale(pos.id)
            ^^^^^^^^^^^^^^^^^^^^^^^^^^^^^^^^^^^^^^^^^^^^^^
  File "/usr/lib/python3.12/contextlib.py", line 81, in inner
    return func(*args, **kwds)
           ^^^^^^^^^^^^^^^^^^^
  File "/home/sahee/biloop/accounting/backend/journals/services.py", line 160, in generate_pos_sale
    debit_ac = self._acct('CASH')
               ^^^^^^^^^^^^^^^^^^
  File "/home/sahee/biloop/accounting/backend/journals/services.py", line 29, in _acct
    raise ValueError(f"Account mapping not configured for key: {key}")
ValueError: Account mapping not configured for key: CASH
2026-03-27 21:39:42,865 ERROR sync Error syncing pos 10: Account mapping not configured for key: CASH
Traceback (most recent call last):
  File "/home/sahee/biloop/accounting/backend/sync/services.py", line 80, in sync_pos
    entry = self.journal_service.generate_pos_sale(pos.id)
            ^^^^^^^^^^^^^^^^^^^^^^^^^^^^^^^^^^^^^^^^^^^^^^
  File "/usr/lib/python3.12/contextlib.py", line 81, in inner
    return func(*args, **kwds)
           ^^^^^^^^^^^^^^^^^^^
  File "/home/sahee/biloop/accounting/backend/journals/services.py", line 160, in generate_pos_sale
    debit_ac = self._acct('CASH')
               ^^^^^^^^^^^^^^^^^^
  File "/home/sahee/biloop/accounting/backend/journals/services.py", line 29, in _acct
    raise ValueError(f"Account mapping not configured for key: {key}")
ValueError: Account mapping not configured for key: CASH
2026-03-27 21:39:42,876 ERROR sync Error syncing pos 11: Account mapping not configured for key: CASH
Traceback (most recent call last):
  File "/home/sahee/biloop/accounting/backend/sync/services.py", line 80, in sync_pos
    entry = self.journal_service.generate_pos_sale(pos.id)
            ^^^^^^^^^^^^^^^^^^^^^^^^^^^^^^^^^^^^^^^^^^^^^^
  File "/usr/lib/python3.12/contextlib.py", line 81, in inner
    return func(*args, **kwds)
           ^^^^^^^^^^^^^^^^^^^
  File "/home/sahee/biloop/accounting/backend/journals/services.py", line 160, in generate_pos_sale
    debit_ac = self._acct('CASH')
               ^^^^^^^^^^^^^^^^^^
  File "/home/sahee/biloop/accounting/backend/journals/services.py", line 29, in _acct
    raise ValueError(f"Account mapping not configured for key: {key}")
ValueError: Account mapping not configured for key: CASH
2026-03-27 21:39:42,888 ERROR sync Error syncing pos 12: Account mapping not configured for key: CASH
Traceback (most recent call last):
  File "/home/sahee/biloop/accounting/backend/sync/services.py", line 80, in sync_pos
    entry = self.journal_service.generate_pos_sale(pos.id)
            ^^^^^^^^^^^^^^^^^^^^^^^^^^^^^^^^^^^^^^^^^^^^^^
  File "/usr/lib/python3.12/contextlib.py", line 81, in inner
    return func(*args, **kwds)
           ^^^^^^^^^^^^^^^^^^^
  File "/home/sahee/biloop/accounting/backend/journals/services.py", line 160, in generate_pos_sale
    debit_ac = self._acct('CASH')
               ^^^^^^^^^^^^^^^^^^
  File "/home/sahee/biloop/accounting/backend/journals/services.py", line 29, in _acct
    raise ValueError(f"Account mapping not configured for key: {key}")
ValueError: Account mapping not configured for key: CASH
2026-03-27 21:39:42,900 ERROR sync Error syncing pos 13: Account mapping not configured for key: CASH
Traceback (most recent call last):
  File "/home/sahee/biloop/accounting/backend/sync/services.py", line 80, in sync_pos
    entry = self.journal_service.generate_pos_sale(pos.id)
            ^^^^^^^^^^^^^^^^^^^^^^^^^^^^^^^^^^^^^^^^^^^^^^
  File "/usr/lib/python3.12/contextlib.py", line 81, in inner
    return func(*args, **kwds)
           ^^^^^^^^^^^^^^^^^^^
  File "/home/sahee/biloop/accounting/backend/journals/services.py", line 160, in generate_pos_sale
    debit_ac = self._acct('CASH')
               ^^^^^^^^^^^^^^^^^^
  File "/home/sahee/biloop/accounting/backend/journals/services.py", line 29, in _acct
    raise ValueError(f"Account mapping not configured for key: {key}")
ValueError: Account mapping not configured for key: CASH
2026-03-27 21:39:42,912 ERROR sync Error syncing pos 14: Account mapping not configured for key: CASH
Traceback (most recent call last):
  File "/home/sahee/biloop/accounting/backend/sync/services.py", line 80, in sync_pos
    entry = self.journal_service.generate_pos_sale(pos.id)
            ^^^^^^^^^^^^^^^^^^^^^^^^^^^^^^^^^^^^^^^^^^^^^^
  File "/usr/lib/python3.12/contextlib.py", line 81, in inner
    return func(*args, **kwds)
           ^^^^^^^^^^^^^^^^^^^
  File "/home/sahee/biloop/accounting/backend/journals/services.py", line 160, in generate_pos_sale
    debit_ac = self._acct('CASH')
               ^^^^^^^^^^^^^^^^^^
  File "/home/sahee/biloop/accounting/backend/journals/services.py", line 29, in _acct
    raise ValueError(f"Account mapping not configured for key: {key}")
ValueError: Account mapping not configured for key: CASH
2026-03-27 21:39:42,923 ERROR sync Error syncing pos 15: Account mapping not configured for key: CASH
Traceback (most recent call last):
  File "/home/sahee/biloop/accounting/backend/sync/services.py", line 80, in sync_pos
    entry = self.journal_service.generate_pos_sale(pos.id)
            ^^^^^^^^^^^^^^^^^^^^^^^^^^^^^^^^^^^^^^^^^^^^^^
  File "/usr/lib/python3.12/contextlib.py", line 81, in inner
    return func(*args, **kwds)
           ^^^^^^^^^^^^^^^^^^^
  File "/home/sahee/biloop/accounting/backend/journals/services.py", line 160, in generate_pos_sale
    debit_ac = self._acct('CASH')
               ^^^^^^^^^^^^^^^^^^
  File "/home/sahee/biloop/accounting/backend/journals/services.py", line 29, in _acct
    raise ValueError(f"Account mapping not configured for key: {key}")
ValueError: Account mapping not configured for key: CASH
2026-03-27 21:39:42,934 ERROR sync Error syncing pos 16: Account mapping not configured for key: CASH
Traceback (most recent call last):
  File "/home/sahee/biloop/accounting/backend/sync/services.py", line 80, in sync_pos
    entry = self.journal_service.generate_pos_sale(pos.id)
            ^^^^^^^^^^^^^^^^^^^^^^^^^^^^^^^^^^^^^^^^^^^^^^
  File "/usr/lib/python3.12/contextlib.py", line 81, in inner
    return func(*args, **kwds)
           ^^^^^^^^^^^^^^^^^^^
  File "/home/sahee/biloop/accounting/backend/journals/services.py", line 160, in generate_pos_sale
    debit_ac = self._acct('CASH')
               ^^^^^^^^^^^^^^^^^^
  File "/home/sahee/biloop/accounting/backend/journals/services.py", line 29, in _acct
    raise ValueError(f"Account mapping not configured for key: {key}")
ValueError: Account mapping not configured for key: CASH
2026-03-27 21:39:42,945 ERROR sync Error syncing pos 18: Account mapping not configured for key: CASH
Traceback (most recent call last):
  File "/home/sahee/biloop/accounting/backend/sync/services.py", line 80, in sync_pos
    entry = self.journal_service.generate_pos_sale(pos.id)
            ^^^^^^^^^^^^^^^^^^^^^^^^^^^^^^^^^^^^^^^^^^^^^^
  File "/usr/lib/python3.12/contextlib.py", line 81, in inner
    return func(*args, **kwds)
           ^^^^^^^^^^^^^^^^^^^
  File "/home/sahee/biloop/accounting/backend/journals/services.py", line 160, in generate_pos_sale
    debit_ac = self._acct('CASH')
               ^^^^^^^^^^^^^^^^^^
  File "/home/sahee/biloop/accounting/backend/journals/services.py", line 29, in _acct
    raise ValueError(f"Account mapping not configured for key: {key}")
ValueError: Account mapping not configured for key: CASH
2026-03-27 21:39:42,957 ERROR sync Error syncing pos 19: Account mapping not configured for key: CASH
Traceback (most recent call last):
  File "/home/sahee/biloop/accounting/backend/sync/services.py", line 80, in sync_pos
    entry = self.journal_service.generate_pos_sale(pos.id)
            ^^^^^^^^^^^^^^^^^^^^^^^^^^^^^^^^^^^^^^^^^^^^^^
  File "/usr/lib/python3.12/contextlib.py", line 81, in inner
    return func(*args, **kwds)
           ^^^^^^^^^^^^^^^^^^^
  File "/home/sahee/biloop/accounting/backend/journals/services.py", line 160, in generate_pos_sale
    debit_ac = self._acct('CASH')
               ^^^^^^^^^^^^^^^^^^
  File "/home/sahee/biloop/accounting/backend/journals/services.py", line 29, in _acct
    raise ValueError(f"Account mapping not configured for key: {key}")
ValueError: Account mapping not configured for key: CASH
2026-03-27 21:39:42,969 ERROR sync Error syncing pos 20: Account mapping not configured for key: CASH
Traceback (most recent call last):
  File "/home/sahee/biloop/accounting/backend/sync/services.py", line 80, in sync_pos
    entry = self.journal_service.generate_pos_sale(pos.id)
            ^^^^^^^^^^^^^^^^^^^^^^^^^^^^^^^^^^^^^^^^^^^^^^
  File "/usr/lib/python3.12/contextlib.py", line 81, in inner
    return func(*args, **kwds)
           ^^^^^^^^^^^^^^^^^^^
  File "/home/sahee/biloop/accounting/backend/journals/services.py", line 160, in generate_pos_sale
    debit_ac = self._acct('CASH')
               ^^^^^^^^^^^^^^^^^^
  File "/home/sahee/biloop/accounting/backend/journals/services.py", line 29, in _acct
    raise ValueError(f"Account mapping not configured for key: {key}")
ValueError: Account mapping not configured for key: CASH
2026-03-27 21:39:42,990 ERROR sync Error syncing b2b 1: Account mapping not configured for key: TRADE_RECEIVABLES
Traceback (most recent call last):
  File "/home/sahee/biloop/accounting/backend/sync/services.py", line 104, in sync_b2b
    entry = self.journal_service.generate_b2b_sale(order.id)
            ^^^^^^^^^^^^^^^^^^^^^^^^^^^^^^^^^^^^^^^^^^^^^^^^
  File "/usr/lib/python3.12/contextlib.py", line 81, in inner
    return func(*args, **kwds)
           ^^^^^^^^^^^^^^^^^^^
  File "/home/sahee/biloop/accounting/backend/journals/services.py", line 232, in generate_b2b_sale
    account=self._acct('TRADE_RECEIVABLES'),
            ^^^^^^^^^^^^^^^^^^^^^^^^^^^^^^^
  File "/home/sahee/biloop/accounting/backend/journals/services.py", line 29, in _acct
    raise ValueError(f"Account mapping not configured for key: {key}")
ValueError: Account mapping not configured for key: TRADE_RECEIVABLES
2026-03-27 21:39:43,004 ERROR sync Error syncing b2b 3: Account mapping not configured for key: TRADE_RECEIVABLES
Traceback (most recent call last):
  File "/home/sahee/biloop/accounting/backend/sync/services.py", line 104, in sync_b2b
    entry = self.journal_service.generate_b2b_sale(order.id)
            ^^^^^^^^^^^^^^^^^^^^^^^^^^^^^^^^^^^^^^^^^^^^^^^^
  File "/usr/lib/python3.12/contextlib.py", line 81, in inner
    return func(*args, **kwds)
           ^^^^^^^^^^^^^^^^^^^
  File "/home/sahee/biloop/accounting/backend/journals/services.py", line 232, in generate_b2b_sale
    account=self._acct('TRADE_RECEIVABLES'),
            ^^^^^^^^^^^^^^^^^^^^^^^^^^^^^^^
  File "/home/sahee/biloop/accounting/backend/journals/services.py", line 29, in _acct
    raise ValueError(f"Account mapping not configured for key: {key}")
ValueError: Account mapping not configured for key: TRADE_RECEIVABLES
2026-03-27 21:39:43,016 ERROR sync Error syncing b2b 4: Account mapping not configured for key: TRADE_RECEIVABLES
Traceback (most recent call last):
  File "/home/sahee/biloop/accounting/backend/sync/services.py", line 104, in sync_b2b
    entry = self.journal_service.generate_b2b_sale(order.id)
            ^^^^^^^^^^^^^^^^^^^^^^^^^^^^^^^^^^^^^^^^^^^^^^^^
  File "/usr/lib/python3.12/contextlib.py", line 81, in inner
    return func(*args, **kwds)
           ^^^^^^^^^^^^^^^^^^^
  File "/home/sahee/biloop/accounting/backend/journals/services.py", line 232, in generate_b2b_sale
    account=self._acct('TRADE_RECEIVABLES'),
            ^^^^^^^^^^^^^^^^^^^^^^^^^^^^^^^
  File "/home/sahee/biloop/accounting/backend/journals/services.py", line 29, in _acct
    raise ValueError(f"Account mapping not configured for key: {key}")
ValueError: Account mapping not configured for key: TRADE_RECEIVABLES
2026-03-27 21:39:43,028 ERROR sync Error syncing b2b 5: Account mapping not configured for key: TRADE_RECEIVABLES
Traceback (most recent call last):
  File "/home/sahee/biloop/accounting/backend/sync/services.py", line 104, in sync_b2b
    entry = self.journal_service.generate_b2b_sale(order.id)
            ^^^^^^^^^^^^^^^^^^^^^^^^^^^^^^^^^^^^^^^^^^^^^^^^
  File "/usr/lib/python3.12/contextlib.py", line 81, in inner
    return func(*args, **kwds)
           ^^^^^^^^^^^^^^^^^^^
  File "/home/sahee/biloop/accounting/backend/journals/services.py", line 232, in generate_b2b_sale
    account=self._acct('TRADE_RECEIVABLES'),
            ^^^^^^^^^^^^^^^^^^^^^^^^^^^^^^^
  File "/home/sahee/biloop/accounting/backend/journals/services.py", line 29, in _acct
    raise ValueError(f"Account mapping not configured for key: {key}")
ValueError: Account mapping not configured for key: TRADE_RECEIVABLES
2026-03-27 21:39:43,041 ERROR sync Error syncing b2b 6: Account mapping not configured for key: TRADE_RECEIVABLES
Traceback (most recent call last):
  File "/home/sahee/biloop/accounting/backend/sync/services.py", line 104, in sync_b2b
    entry = self.journal_service.generate_b2b_sale(order.id)
            ^^^^^^^^^^^^^^^^^^^^^^^^^^^^^^^^^^^^^^^^^^^^^^^^
  File "/usr/lib/python3.12/contextlib.py", line 81, in inner
    return func(*args, **kwds)
           ^^^^^^^^^^^^^^^^^^^
  File "/home/sahee/biloop/accounting/backend/journals/services.py", line 232, in generate_b2b_sale
    account=self._acct('TRADE_RECEIVABLES'),
            ^^^^^^^^^^^^^^^^^^^^^^^^^^^^^^^
  File "/home/sahee/biloop/accounting/backend/journals/services.py", line 29, in _acct
    raise ValueError(f"Account mapping not configured for key: {key}")
ValueError: Account mapping not configured for key: TRADE_RECEIVABLES
2026-03-27 21:39:43,054 ERROR sync Error syncing b2b 7: Account mapping not configured for key: TRADE_RECEIVABLES
Traceback (most recent call last):
  File "/home/sahee/biloop/accounting/backend/sync/services.py", line 104, in sync_b2b
    entry = self.journal_service.generate_b2b_sale(order.id)
            ^^^^^^^^^^^^^^^^^^^^^^^^^^^^^^^^^^^^^^^^^^^^^^^^
  File "/usr/lib/python3.12/contextlib.py", line 81, in inner
    return func(*args, **kwds)
           ^^^^^^^^^^^^^^^^^^^
  File "/home/sahee/biloop/accounting/backend/journals/services.py", line 232, in generate_b2b_sale
    account=self._acct('TRADE_RECEIVABLES'),
            ^^^^^^^^^^^^^^^^^^^^^^^^^^^^^^^
  File "/home/sahee/biloop/accounting/backend/journals/services.py", line 29, in _acct
    raise ValueError(f"Account mapping not configured for key: {key}")
ValueError: Account mapping not configured for key: TRADE_RECEIVABLES
2026-03-27 21:39:43,067 ERROR sync Error syncing b2b 9: Account mapping not configured for key: TRADE_RECEIVABLES
Traceback (most recent call last):
  File "/home/sahee/biloop/accounting/backend/sync/services.py", line 104, in sync_b2b
    entry = self.journal_service.generate_b2b_sale(order.id)
            ^^^^^^^^^^^^^^^^^^^^^^^^^^^^^^^^^^^^^^^^^^^^^^^^
  File "/usr/lib/python3.12/contextlib.py", line 81, in inner
    return func(*args, **kwds)
           ^^^^^^^^^^^^^^^^^^^
  File "/home/sahee/biloop/accounting/backend/journals/services.py", line 232, in generate_b2b_sale
    account=self._acct('TRADE_RECEIVABLES'),
            ^^^^^^^^^^^^^^^^^^^^^^^^^^^^^^^
  File "/home/sahee/biloop/accounting/backend/journals/services.py", line 29, in _acct
    raise ValueError(f"Account mapping not configured for key: {key}")
ValueError: Account mapping not configured for key: TRADE_RECEIVABLES
2026-03-27 21:39:43,080 ERROR sync Error syncing b2b 10: Account mapping not configured for key: TRADE_RECEIVABLES
Traceback (most recent call last):
  File "/home/sahee/biloop/accounting/backend/sync/services.py", line 104, in sync_b2b
    entry = self.journal_service.generate_b2b_sale(order.id)
            ^^^^^^^^^^^^^^^^^^^^^^^^^^^^^^^^^^^^^^^^^^^^^^^^
  File "/usr/lib/python3.12/contextlib.py", line 81, in inner
    return func(*args, **kwds)
           ^^^^^^^^^^^^^^^^^^^
  File "/home/sahee/biloop/accounting/backend/journals/services.py", line 232, in generate_b2b_sale
    account=self._acct('TRADE_RECEIVABLES'),
            ^^^^^^^^^^^^^^^^^^^^^^^^^^^^^^^
  File "/home/sahee/biloop/accounting/backend/journals/services.py", line 29, in _acct
    raise ValueError(f"Account mapping not configured for key: {key}")
ValueError: Account mapping not configured for key: TRADE_RECEIVABLES
2026-03-27 21:39:43,094 ERROR sync Error syncing b2b 11: Account mapping not configured for key: TRADE_RECEIVABLES
Traceback (most recent call last):
  File "/home/sahee/biloop/accounting/backend/sync/services.py", line 104, in sync_b2b
    entry = self.journal_service.generate_b2b_sale(order.id)
            ^^^^^^^^^^^^^^^^^^^^^^^^^^^^^^^^^^^^^^^^^^^^^^^^
  File "/usr/lib/python3.12/contextlib.py", line 81, in inner
    return func(*args, **kwds)
           ^^^^^^^^^^^^^^^^^^^
  File "/home/sahee/biloop/accounting/backend/journals/services.py", line 232, in generate_b2b_sale
    account=self._acct('TRADE_RECEIVABLES'),
            ^^^^^^^^^^^^^^^^^^^^^^^^^^^^^^^
  File "/home/sahee/biloop/accounting/backend/journals/services.py", line 29, in _acct
    raise ValueError(f"Account mapping not configured for key: {key}")
ValueError: Account mapping not configured for key: TRADE_RECEIVABLES
2026-03-27 21:39:43,108 ERROR sync Error syncing b2b 12: Account mapping not configured for key: TRADE_RECEIVABLES
Traceback (most recent call last):
  File "/home/sahee/biloop/accounting/backend/sync/services.py", line 104, in sync_b2b
    entry = self.journal_service.generate_b2b_sale(order.id)
            ^^^^^^^^^^^^^^^^^^^^^^^^^^^^^^^^^^^^^^^^^^^^^^^^
  File "/usr/lib/python3.12/contextlib.py", line 81, in inner
    return func(*args, **kwds)
           ^^^^^^^^^^^^^^^^^^^
  File "/home/sahee/biloop/accounting/backend/journals/services.py", line 232, in generate_b2b_sale
    account=self._acct('TRADE_RECEIVABLES'),
            ^^^^^^^^^^^^^^^^^^^^^^^^^^^^^^^
  File "/home/sahee/biloop/accounting/backend/journals/services.py", line 29, in _acct
    raise ValueError(f"Account mapping not configured for key: {key}")
ValueError: Account mapping not configured for key: TRADE_RECEIVABLES
2026-03-27 21:39:43,120 ERROR sync Error syncing b2b 13: Account mapping not configured for key: TRADE_RECEIVABLES
Traceback (most recent call last):
  File "/home/sahee/biloop/accounting/backend/sync/services.py", line 104, in sync_b2b
    entry = self.journal_service.generate_b2b_sale(order.id)
            ^^^^^^^^^^^^^^^^^^^^^^^^^^^^^^^^^^^^^^^^^^^^^^^^
  File "/usr/lib/python3.12/contextlib.py", line 81, in inner
    return func(*args, **kwds)
           ^^^^^^^^^^^^^^^^^^^
  File "/home/sahee/biloop/accounting/backend/journals/services.py", line 232, in generate_b2b_sale
    account=self._acct('TRADE_RECEIVABLES'),
            ^^^^^^^^^^^^^^^^^^^^^^^^^^^^^^^
  File "/home/sahee/biloop/accounting/backend/journals/services.py", line 29, in _acct
    raise ValueError(f"Account mapping not configured for key: {key}")
ValueError: Account mapping not configured for key: TRADE_RECEIVABLES
2026-03-27 21:39:43,133 ERROR sync Error syncing b2b 14: Account mapping not configured for key: TRADE_RECEIVABLES
Traceback (most recent call last):
  File "/home/sahee/biloop/accounting/backend/sync/services.py", line 104, in sync_b2b
    entry = self.journal_service.generate_b2b_sale(order.id)
            ^^^^^^^^^^^^^^^^^^^^^^^^^^^^^^^^^^^^^^^^^^^^^^^^
  File "/usr/lib/python3.12/contextlib.py", line 81, in inner
    return func(*args, **kwds)
           ^^^^^^^^^^^^^^^^^^^
  File "/home/sahee/biloop/accounting/backend/journals/services.py", line 232, in generate_b2b_sale
    account=self._acct('TRADE_RECEIVABLES'),
            ^^^^^^^^^^^^^^^^^^^^^^^^^^^^^^^
  File "/home/sahee/biloop/accounting/backend/journals/services.py", line 29, in _acct
    raise ValueError(f"Account mapping not configured for key: {key}")
ValueError: Account mapping not configured for key: TRADE_RECEIVABLES
2026-03-27 21:39:43,146 ERROR sync Error syncing b2b 15: Account mapping not configured for key: TRADE_RECEIVABLES
Traceback (most recent call last):
  File "/home/sahee/biloop/accounting/backend/sync/services.py", line 104, in sync_b2b
    entry = self.journal_service.generate_b2b_sale(order.id)
            ^^^^^^^^^^^^^^^^^^^^^^^^^^^^^^^^^^^^^^^^^^^^^^^^
  File "/usr/lib/python3.12/contextlib.py", line 81, in inner
    return func(*args, **kwds)
           ^^^^^^^^^^^^^^^^^^^
  File "/home/sahee/biloop/accounting/backend/journals/services.py", line 232, in generate_b2b_sale
    account=self._acct('TRADE_RECEIVABLES'),
            ^^^^^^^^^^^^^^^^^^^^^^^^^^^^^^^
  File "/home/sahee/biloop/accounting/backend/journals/services.py", line 29, in _acct
    raise ValueError(f"Account mapping not configured for key: {key}")
ValueError: Account mapping not configured for key: TRADE_RECEIVABLES
2026-03-27 21:39:43,168 ERROR sync Error syncing return 1: Account mapping not configured for key: SALES_RETURNS
Traceback (most recent call last):
  File "/home/sahee/biloop/accounting/backend/sync/services.py", line 128, in sync_returns
    entry = self.journal_service.generate_sales_return(ret.id)
            ^^^^^^^^^^^^^^^^^^^^^^^^^^^^^^^^^^^^^^^^^^^^^^^^^^
  File "/usr/lib/python3.12/contextlib.py", line 81, in inner
    return func(*args, **kwds)
           ^^^^^^^^^^^^^^^^^^^
  File "/home/sahee/biloop/accounting/backend/journals/services.py", line 288, in generate_sales_return
    JournalEntryLine.objects.create(entry=entry, account=self._acct('SALES_RETURNS'), debit=sales_amount)
                                                         ^^^^^^^^^^^^^^^^^^^^^^^^^^^
  File "/home/sahee/biloop/accounting/backend/journals/services.py", line 29, in _acct
    raise ValueError(f"Account mapping not configured for key: {key}")
ValueError: Account mapping not configured for key: SALES_RETURNS
2026-03-27 21:39:43,181 ERROR sync Error syncing return 2: Account mapping not configured for key: SALES_RETURNS
Traceback (most recent call last):
  File "/home/sahee/biloop/accounting/backend/sync/services.py", line 128, in sync_returns
    entry = self.journal_service.generate_sales_return(ret.id)
            ^^^^^^^^^^^^^^^^^^^^^^^^^^^^^^^^^^^^^^^^^^^^^^^^^^
  File "/usr/lib/python3.12/contextlib.py", line 81, in inner
    return func(*args, **kwds)
           ^^^^^^^^^^^^^^^^^^^
  File "/home/sahee/biloop/accounting/backend/journals/services.py", line 288, in generate_sales_return
    JournalEntryLine.objects.create(entry=entry, account=self._acct('SALES_RETURNS'), debit=sales_amount)
                                                         ^^^^^^^^^^^^^^^^^^^^^^^^^^^
  File "/home/sahee/biloop/accounting/backend/journals/services.py", line 29, in _acct
    raise ValueError(f"Account mapping not configured for key: {key}")
ValueError: Account mapping not configured for key: SALES_RETURNS
2026-03-27 21:39:43,198 ERROR sync Error syncing return 3: Account mapping not configured for key: SALES_RETURNS
Traceback (most recent call last):
  File "/home/sahee/biloop/accounting/backend/sync/services.py", line 128, in sync_returns
    entry = self.journal_service.generate_sales_return(ret.id)
            ^^^^^^^^^^^^^^^^^^^^^^^^^^^^^^^^^^^^^^^^^^^^^^^^^^
  File "/usr/lib/python3.12/contextlib.py", line 81, in inner
    return func(*args, **kwds)
           ^^^^^^^^^^^^^^^^^^^
  File "/home/sahee/biloop/accounting/backend/journals/services.py", line 288, in generate_sales_return
    JournalEntryLine.objects.create(entry=entry, account=self._acct('SALES_RETURNS'), debit=sales_amount)
                                                         ^^^^^^^^^^^^^^^^^^^^^^^^^^^
  File "/home/sahee/biloop/accounting/backend/journals/services.py", line 29, in _acct
    raise ValueError(f"Account mapping not configured for key: {key}")
ValueError: Account mapping not configured for key: SALES_RETURNS
2026-03-27 21:39:43,210 ERROR sync Error syncing return 4: Account mapping not configured for key: SALES_RETURNS
Traceback (most recent call last):
  File "/home/sahee/biloop/accounting/backend/sync/services.py", line 128, in sync_returns
    entry = self.journal_service.generate_sales_return(ret.id)
            ^^^^^^^^^^^^^^^^^^^^^^^^^^^^^^^^^^^^^^^^^^^^^^^^^^
  File "/usr/lib/python3.12/contextlib.py", line 81, in inner
    return func(*args, **kwds)
           ^^^^^^^^^^^^^^^^^^^
  File "/home/sahee/biloop/accounting/backend/journals/services.py", line 288, in generate_sales_return
    JournalEntryLine.objects.create(entry=entry, account=self._acct('SALES_RETURNS'), debit=sales_amount)
                                                         ^^^^^^^^^^^^^^^^^^^^^^^^^^^
  File "/home/sahee/biloop/accounting/backend/journals/services.py", line 29, in _acct
    raise ValueError(f"Account mapping not configured for key: {key}")
ValueError: Account mapping not configured for key: SALES_RETURNS
2026-03-27 21:39:43,222 ERROR sync Error syncing return 5: Account mapping not configured for key: SALES_RETURNS
Traceback (most recent call last):
  File "/home/sahee/biloop/accounting/backend/sync/services.py", line 128, in sync_returns
    entry = self.journal_service.generate_sales_return(ret.id)
            ^^^^^^^^^^^^^^^^^^^^^^^^^^^^^^^^^^^^^^^^^^^^^^^^^^
  File "/usr/lib/python3.12/contextlib.py", line 81, in inner
    return func(*args, **kwds)
           ^^^^^^^^^^^^^^^^^^^
  File "/home/sahee/biloop/accounting/backend/journals/services.py", line 288, in generate_sales_return
    JournalEntryLine.objects.create(entry=entry, account=self._acct('SALES_RETURNS'), debit=sales_amount)
                                                         ^^^^^^^^^^^^^^^^^^^^^^^^^^^
  File "/home/sahee/biloop/accounting/backend/journals/services.py", line 29, in _acct
    raise ValueError(f"Account mapping not configured for key: {key}")
ValueError: Account mapping not configured for key: SALES_RETURNS
2026-03-27 21:39:43,237 ERROR sync Error syncing return 6: Account mapping not configured for key: SALES_RETURNS
Traceback (most recent call last):
  File "/home/sahee/biloop/accounting/backend/sync/services.py", line 128, in sync_returns
    entry = self.journal_service.generate_sales_return(ret.id)
            ^^^^^^^^^^^^^^^^^^^^^^^^^^^^^^^^^^^^^^^^^^^^^^^^^^
  File "/usr/lib/python3.12/contextlib.py", line 81, in inner
    return func(*args, **kwds)
           ^^^^^^^^^^^^^^^^^^^
  File "/home/sahee/biloop/accounting/backend/journals/services.py", line 288, in generate_sales_return
    JournalEntryLine.objects.create(entry=entry, account=self._acct('SALES_RETURNS'), debit=sales_amount)
                                                         ^^^^^^^^^^^^^^^^^^^^^^^^^^^
  File "/home/sahee/biloop/accounting/backend/journals/services.py", line 29, in _acct
    raise ValueError(f"Account mapping not configured for key: {key}")
ValueError: Account mapping not configured for key: SALES_RETURNS
2026-03-27 21:39:43,249 ERROR sync Error syncing return 7: Account mapping not configured for key: SALES_RETURNS
Traceback (most recent call last):
  File "/home/sahee/biloop/accounting/backend/sync/services.py", line 128, in sync_returns
    entry = self.journal_service.generate_sales_return(ret.id)
            ^^^^^^^^^^^^^^^^^^^^^^^^^^^^^^^^^^^^^^^^^^^^^^^^^^
  File "/usr/lib/python3.12/contextlib.py", line 81, in inner
    return func(*args, **kwds)
           ^^^^^^^^^^^^^^^^^^^
  File "/home/sahee/biloop/accounting/backend/journals/services.py", line 288, in generate_sales_return
    JournalEntryLine.objects.create(entry=entry, account=self._acct('SALES_RETURNS'), debit=sales_amount)
                                                         ^^^^^^^^^^^^^^^^^^^^^^^^^^^
  File "/home/sahee/biloop/accounting/backend/journals/services.py", line 29, in _acct
    raise ValueError(f"Account mapping not configured for key: {key}")
ValueError: Account mapping not configured for key: SALES_RETURNS
2026-03-27 21:39:43,262 ERROR sync Error syncing return 8: Account mapping not configured for key: SALES_RETURNS
Traceback (most recent call last):
  File "/home/sahee/biloop/accounting/backend/sync/services.py", line 128, in sync_returns
    entry = self.journal_service.generate_sales_return(ret.id)
            ^^^^^^^^^^^^^^^^^^^^^^^^^^^^^^^^^^^^^^^^^^^^^^^^^^
  File "/usr/lib/python3.12/contextlib.py", line 81, in inner
    return func(*args, **kwds)
           ^^^^^^^^^^^^^^^^^^^
  File "/home/sahee/biloop/accounting/backend/journals/services.py", line 288, in generate_sales_return
    JournalEntryLine.objects.create(entry=entry, account=self._acct('SALES_RETURNS'), debit=sales_amount)
                                                         ^^^^^^^^^^^^^^^^^^^^^^^^^^^
  File "/home/sahee/biloop/accounting/backend/journals/services.py", line 29, in _acct
    raise ValueError(f"Account mapping not configured for key: {key}")
ValueError: Account mapping not configured for key: SALES_RETURNS
2026-03-27 21:39:43,286 ERROR sync Error syncing purchase_return 1: Account mapping not configured for key: TRADE_PAYABLES
Traceback (most recent call last):
  File "/home/sahee/biloop/accounting/backend/sync/services.py", line 153, in sync_purchase_returns
    entry = self.journal_service.generate_purchase_return(ret.id)
            ^^^^^^^^^^^^^^^^^^^^^^^^^^^^^^^^^^^^^^^^^^^^^^^^^^^^^
  File "/usr/lib/python3.12/contextlib.py", line 81, in inner
    return func(*args, **kwds)
           ^^^^^^^^^^^^^^^^^^^
  File "/home/sahee/biloop/accounting/backend/journals/services.py", line 352, in generate_purchase_return
    account=self._acct('TRADE_PAYABLES'),
            ^^^^^^^^^^^^^^^^^^^^^^^^^^^^
  File "/home/sahee/biloop/accounting/backend/journals/services.py", line 29, in _acct
    raise ValueError(f"Account mapping not configured for key: {key}")
ValueError: Account mapping not configured for key: TRADE_PAYABLES
2026-03-27 21:39:43,300 ERROR sync Error syncing purchase_return 2: Account mapping not configured for key: TRADE_PAYABLES
Traceback (most recent call last):
  File "/home/sahee/biloop/accounting/backend/sync/services.py", line 153, in sync_purchase_returns
    entry = self.journal_service.generate_purchase_return(ret.id)
            ^^^^^^^^^^^^^^^^^^^^^^^^^^^^^^^^^^^^^^^^^^^^^^^^^^^^^
  File "/usr/lib/python3.12/contextlib.py", line 81, in inner
    return func(*args, **kwds)
           ^^^^^^^^^^^^^^^^^^^
  File "/home/sahee/biloop/accounting/backend/journals/services.py", line 352, in generate_purchase_return
    account=self._acct('TRADE_PAYABLES'),
            ^^^^^^^^^^^^^^^^^^^^^^^^^^^^
  File "/home/sahee/biloop/accounting/backend/journals/services.py", line 29, in _acct
    raise ValueError(f"Account mapping not configured for key: {key}")
ValueError: Account mapping not configured for key: TRADE_PAYABLES
2026-03-27 21:39:43,312 ERROR sync Error syncing purchase_return 3: Account mapping not configured for key: TRADE_PAYABLES
Traceback (most recent call last):
  File "/home/sahee/biloop/accounting/backend/sync/services.py", line 153, in sync_purchase_returns
    entry = self.journal_service.generate_purchase_return(ret.id)
            ^^^^^^^^^^^^^^^^^^^^^^^^^^^^^^^^^^^^^^^^^^^^^^^^^^^^^
  File "/usr/lib/python3.12/contextlib.py", line 81, in inner
    return func(*args, **kwds)
           ^^^^^^^^^^^^^^^^^^^
  File "/home/sahee/biloop/accounting/backend/journals/services.py", line 352, in generate_purchase_return
    account=self._acct('TRADE_PAYABLES'),
            ^^^^^^^^^^^^^^^^^^^^^^^^^^^^
  File "/home/sahee/biloop/accounting/backend/journals/services.py", line 29, in _acct
    raise ValueError(f"Account mapping not configured for key: {key}")
ValueError: Account mapping not configured for key: TRADE_PAYABLES
2026-03-27 21:39:43,324 ERROR sync Error syncing purchase_return 4: Account mapping not configured for key: TRADE_PAYABLES
Traceback (most recent call last):
  File "/home/sahee/biloop/accounting/backend/sync/services.py", line 153, in sync_purchase_returns
    entry = self.journal_service.generate_purchase_return(ret.id)
            ^^^^^^^^^^^^^^^^^^^^^^^^^^^^^^^^^^^^^^^^^^^^^^^^^^^^^
  File "/usr/lib/python3.12/contextlib.py", line 81, in inner
    return func(*args, **kwds)
           ^^^^^^^^^^^^^^^^^^^
  File "/home/sahee/biloop/accounting/backend/journals/services.py", line 352, in generate_purchase_return
    account=self._acct('TRADE_PAYABLES'),
            ^^^^^^^^^^^^^^^^^^^^^^^^^^^^
  File "/home/sahee/biloop/accounting/backend/journals/services.py", line 29, in _acct
    raise ValueError(f"Account mapping not configured for key: {key}")
ValueError: Account mapping not configured for key: TRADE_PAYABLES
2026-03-27 21:39:43,337 ERROR sync Error syncing purchase_return 5: Account mapping not configured for key: TRADE_PAYABLES
Traceback (most recent call last):
  File "/home/sahee/biloop/accounting/backend/sync/services.py", line 153, in sync_purchase_returns
    entry = self.journal_service.generate_purchase_return(ret.id)
            ^^^^^^^^^^^^^^^^^^^^^^^^^^^^^^^^^^^^^^^^^^^^^^^^^^^^^
  File "/usr/lib/python3.12/contextlib.py", line 81, in inner
    return func(*args, **kwds)
           ^^^^^^^^^^^^^^^^^^^
  File "/home/sahee/biloop/accounting/backend/journals/services.py", line 352, in generate_purchase_return
    account=self._acct('TRADE_PAYABLES'),
            ^^^^^^^^^^^^^^^^^^^^^^^^^^^^
  File "/home/sahee/biloop/accounting/backend/journals/services.py", line 29, in _acct
    raise ValueError(f"Account mapping not configured for key: {key}")
ValueError: Account mapping not configured for key: TRADE_PAYABLES
2026-03-27 21:45:49,421 ERROR sync Error syncing purchase 6: Account mapping not configured for key: PURCHASES
Traceback (most recent call last):
  File "/home/sahee/biloop/accounting/backend/sync/services.py", line 56, in sync_purchases
    entry = self.journal_service.generate_purchase(po.id)
            ^^^^^^^^^^^^^^^^^^^^^^^^^^^^^^^^^^^^^^^^^^^^^
  File "/usr/lib/python3.12/contextlib.py", line 81, in inner
    return func(*args, **kwds)
           ^^^^^^^^^^^^^^^^^^^
  File "/home/sahee/biloop/accounting/backend/journals/services.py", line 94, in generate_purchase
    JournalEntryLine.objects.create(entry=entry, account=self._acct('PURCHASES'), debit=total_purchases)
                                                         ^^^^^^^^^^^^^^^^^^^^^^^
  File "/home/sahee/biloop/accounting/backend/journals/services.py", line 29, in _acct
    raise ValueError(f"Account mapping not configured for key: {key}")
ValueError: Account mapping not configured for key: PURCHASES
2026-03-27 21:45:49,435 ERROR sync Error syncing purchase 7: Account mapping not configured for key: PURCHASES
Traceback (most recent call last):
  File "/home/sahee/biloop/accounting/backend/sync/services.py", line 56, in sync_purchases
    entry = self.journal_service.generate_purchase(po.id)
            ^^^^^^^^^^^^^^^^^^^^^^^^^^^^^^^^^^^^^^^^^^^^^
  File "/usr/lib/python3.12/contextlib.py", line 81, in inner
    return func(*args, **kwds)
           ^^^^^^^^^^^^^^^^^^^
  File "/home/sahee/biloop/accounting/backend/journals/services.py", line 94, in generate_purchase
    JournalEntryLine.objects.create(entry=entry, account=self._acct('PURCHASES'), debit=total_purchases)
                                                         ^^^^^^^^^^^^^^^^^^^^^^^
  File "/home/sahee/biloop/accounting/backend/journals/services.py", line 29, in _acct
    raise ValueError(f"Account mapping not configured for key: {key}")
ValueError: Account mapping not configured for key: PURCHASES
2026-03-27 21:45:49,446 ERROR sync Error syncing purchase 8: Account mapping not configured for key: PURCHASES
Traceback (most recent call last):
  File "/home/sahee/biloop/accounting/backend/sync/services.py", line 56, in sync_purchases
    entry = self.journal_service.generate_purchase(po.id)
            ^^^^^^^^^^^^^^^^^^^^^^^^^^^^^^^^^^^^^^^^^^^^^
  File "/usr/lib/python3.12/contextlib.py", line 81, in inner
    return func(*args, **kwds)
           ^^^^^^^^^^^^^^^^^^^
  File "/home/sahee/biloop/accounting/backend/journals/services.py", line 94, in generate_purchase
    JournalEntryLine.objects.create(entry=entry, account=self._acct('PURCHASES'), debit=total_purchases)
                                                         ^^^^^^^^^^^^^^^^^^^^^^^
  File "/home/sahee/biloop/accounting/backend/journals/services.py", line 29, in _acct
    raise ValueError(f"Account mapping not configured for key: {key}")
ValueError: Account mapping not configured for key: PURCHASES
2026-03-27 21:45:49,459 ERROR sync Error syncing purchase 9: Account mapping not configured for key: PURCHASES
Traceback (most recent call last):
  File "/home/sahee/biloop/accounting/backend/sync/services.py", line 56, in sync_purchases
    entry = self.journal_service.generate_purchase(po.id)
            ^^^^^^^^^^^^^^^^^^^^^^^^^^^^^^^^^^^^^^^^^^^^^
  File "/usr/lib/python3.12/contextlib.py", line 81, in inner
    return func(*args, **kwds)
           ^^^^^^^^^^^^^^^^^^^
  File "/home/sahee/biloop/accounting/backend/journals/services.py", line 94, in generate_purchase
    JournalEntryLine.objects.create(entry=entry, account=self._acct('PURCHASES'), debit=total_purchases)
                                                         ^^^^^^^^^^^^^^^^^^^^^^^
  File "/home/sahee/biloop/accounting/backend/journals/services.py", line 29, in _acct
    raise ValueError(f"Account mapping not configured for key: {key}")
ValueError: Account mapping not configured for key: PURCHASES
2026-03-27 21:45:49,471 ERROR sync Error syncing purchase 10: Account mapping not configured for key: PURCHASES
Traceback (most recent call last):
  File "/home/sahee/biloop/accounting/backend/sync/services.py", line 56, in sync_purchases
    entry = self.journal_service.generate_purchase(po.id)
            ^^^^^^^^^^^^^^^^^^^^^^^^^^^^^^^^^^^^^^^^^^^^^
  File "/usr/lib/python3.12/contextlib.py", line 81, in inner
    return func(*args, **kwds)
           ^^^^^^^^^^^^^^^^^^^
  File "/home/sahee/biloop/accounting/backend/journals/services.py", line 94, in generate_purchase
    JournalEntryLine.objects.create(entry=entry, account=self._acct('PURCHASES'), debit=total_purchases)
                                                         ^^^^^^^^^^^^^^^^^^^^^^^
  File "/home/sahee/biloop/accounting/backend/journals/services.py", line 29, in _acct
    raise ValueError(f"Account mapping not configured for key: {key}")
ValueError: Account mapping not configured for key: PURCHASES
2026-03-27 21:45:49,482 ERROR sync Error syncing purchase 11: Account mapping not configured for key: PURCHASES
Traceback (most recent call last):
  File "/home/sahee/biloop/accounting/backend/sync/services.py", line 56, in sync_purchases
    entry = self.journal_service.generate_purchase(po.id)
            ^^^^^^^^^^^^^^^^^^^^^^^^^^^^^^^^^^^^^^^^^^^^^
  File "/usr/lib/python3.12/contextlib.py", line 81, in inner
    return func(*args, **kwds)
           ^^^^^^^^^^^^^^^^^^^
  File "/home/sahee/biloop/accounting/backend/journals/services.py", line 94, in generate_purchase
    JournalEntryLine.objects.create(entry=entry, account=self._acct('PURCHASES'), debit=total_purchases)
                                                         ^^^^^^^^^^^^^^^^^^^^^^^
  File "/home/sahee/biloop/accounting/backend/journals/services.py", line 29, in _acct
    raise ValueError(f"Account mapping not configured for key: {key}")
ValueError: Account mapping not configured for key: PURCHASES
2026-03-27 21:45:49,494 ERROR sync Error syncing purchase 12: Account mapping not configured for key: PURCHASES
Traceback (most recent call last):
  File "/home/sahee/biloop/accounting/backend/sync/services.py", line 56, in sync_purchases
    entry = self.journal_service.generate_purchase(po.id)
            ^^^^^^^^^^^^^^^^^^^^^^^^^^^^^^^^^^^^^^^^^^^^^
  File "/usr/lib/python3.12/contextlib.py", line 81, in inner
    return func(*args, **kwds)
           ^^^^^^^^^^^^^^^^^^^
  File "/home/sahee/biloop/accounting/backend/journals/services.py", line 94, in generate_purchase
    JournalEntryLine.objects.create(entry=entry, account=self._acct('PURCHASES'), debit=total_purchases)
                                                         ^^^^^^^^^^^^^^^^^^^^^^^
  File "/home/sahee/biloop/accounting/backend/journals/services.py", line 29, in _acct
    raise ValueError(f"Account mapping not configured for key: {key}")
ValueError: Account mapping not configured for key: PURCHASES
2026-03-27 21:45:49,505 ERROR sync Error syncing purchase 13: Account mapping not configured for key: PURCHASES
Traceback (most recent call last):
  File "/home/sahee/biloop/accounting/backend/sync/services.py", line 56, in sync_purchases
    entry = self.journal_service.generate_purchase(po.id)
            ^^^^^^^^^^^^^^^^^^^^^^^^^^^^^^^^^^^^^^^^^^^^^
  File "/usr/lib/python3.12/contextlib.py", line 81, in inner
    return func(*args, **kwds)
           ^^^^^^^^^^^^^^^^^^^
  File "/home/sahee/biloop/accounting/backend/journals/services.py", line 94, in generate_purchase
    JournalEntryLine.objects.create(entry=entry, account=self._acct('PURCHASES'), debit=total_purchases)
                                                         ^^^^^^^^^^^^^^^^^^^^^^^
  File "/home/sahee/biloop/accounting/backend/journals/services.py", line 29, in _acct
    raise ValueError(f"Account mapping not configured for key: {key}")
ValueError: Account mapping not configured for key: PURCHASES
2026-03-27 21:45:49,517 ERROR sync Error syncing purchase 14: Account mapping not configured for key: PURCHASES
Traceback (most recent call last):
  File "/home/sahee/biloop/accounting/backend/sync/services.py", line 56, in sync_purchases
    entry = self.journal_service.generate_purchase(po.id)
            ^^^^^^^^^^^^^^^^^^^^^^^^^^^^^^^^^^^^^^^^^^^^^
  File "/usr/lib/python3.12/contextlib.py", line 81, in inner
    return func(*args, **kwds)
           ^^^^^^^^^^^^^^^^^^^
  File "/home/sahee/biloop/accounting/backend/journals/services.py", line 94, in generate_purchase
    JournalEntryLine.objects.create(entry=entry, account=self._acct('PURCHASES'), debit=total_purchases)
                                                         ^^^^^^^^^^^^^^^^^^^^^^^
  File "/home/sahee/biloop/accounting/backend/journals/services.py", line 29, in _acct
    raise ValueError(f"Account mapping not configured for key: {key}")
ValueError: Account mapping not configured for key: PURCHASES
2026-03-27 21:45:49,529 ERROR sync Error syncing purchase 15: Account mapping not configured for key: PURCHASES
Traceback (most recent call last):
  File "/home/sahee/biloop/accounting/backend/sync/services.py", line 56, in sync_purchases
    entry = self.journal_service.generate_purchase(po.id)
            ^^^^^^^^^^^^^^^^^^^^^^^^^^^^^^^^^^^^^^^^^^^^^
  File "/usr/lib/python3.12/contextlib.py", line 81, in inner
    return func(*args, **kwds)
           ^^^^^^^^^^^^^^^^^^^
  File "/home/sahee/biloop/accounting/backend/journals/services.py", line 94, in generate_purchase
    JournalEntryLine.objects.create(entry=entry, account=self._acct('PURCHASES'), debit=total_purchases)
                                                         ^^^^^^^^^^^^^^^^^^^^^^^
  File "/home/sahee/biloop/accounting/backend/journals/services.py", line 29, in _acct
    raise ValueError(f"Account mapping not configured for key: {key}")
ValueError: Account mapping not configured for key: PURCHASES
2026-03-27 21:45:49,551 ERROR sync Error syncing pos 1: Account mapping not configured for key: CASH
Traceback (most recent call last):
  File "/home/sahee/biloop/accounting/backend/sync/services.py", line 80, in sync_pos
    entry = self.journal_service.generate_pos_sale(pos.id)
            ^^^^^^^^^^^^^^^^^^^^^^^^^^^^^^^^^^^^^^^^^^^^^^
  File "/usr/lib/python3.12/contextlib.py", line 81, in inner
    return func(*args, **kwds)
           ^^^^^^^^^^^^^^^^^^^
  File "/home/sahee/biloop/accounting/backend/journals/services.py", line 160, in generate_pos_sale
    debit_ac = self._acct('CASH')
               ^^^^^^^^^^^^^^^^^^
  File "/home/sahee/biloop/accounting/backend/journals/services.py", line 29, in _acct
    raise ValueError(f"Account mapping not configured for key: {key}")
ValueError: Account mapping not configured for key: CASH
2026-03-27 21:45:49,561 ERROR sync Error syncing pos 2: Account mapping not configured for key: CASH
Traceback (most recent call last):
  File "/home/sahee/biloop/accounting/backend/sync/services.py", line 80, in sync_pos
    entry = self.journal_service.generate_pos_sale(pos.id)
            ^^^^^^^^^^^^^^^^^^^^^^^^^^^^^^^^^^^^^^^^^^^^^^
  File "/usr/lib/python3.12/contextlib.py", line 81, in inner
    return func(*args, **kwds)
           ^^^^^^^^^^^^^^^^^^^
  File "/home/sahee/biloop/accounting/backend/journals/services.py", line 160, in generate_pos_sale
    debit_ac = self._acct('CASH')
               ^^^^^^^^^^^^^^^^^^
  File "/home/sahee/biloop/accounting/backend/journals/services.py", line 29, in _acct
    raise ValueError(f"Account mapping not configured for key: {key}")
ValueError: Account mapping not configured for key: CASH
2026-03-27 21:45:49,577 ERROR sync Error syncing pos 3: Account mapping not configured for key: CASH
Traceback (most recent call last):
  File "/home/sahee/biloop/accounting/backend/sync/services.py", line 80, in sync_pos
    entry = self.journal_service.generate_pos_sale(pos.id)
            ^^^^^^^^^^^^^^^^^^^^^^^^^^^^^^^^^^^^^^^^^^^^^^
  File "/usr/lib/python3.12/contextlib.py", line 81, in inner
    return func(*args, **kwds)
           ^^^^^^^^^^^^^^^^^^^
  File "/home/sahee/biloop/accounting/backend/journals/services.py", line 160, in generate_pos_sale
    debit_ac = self._acct('CASH')
               ^^^^^^^^^^^^^^^^^^
  File "/home/sahee/biloop/accounting/backend/journals/services.py", line 29, in _acct
    raise ValueError(f"Account mapping not configured for key: {key}")
ValueError: Account mapping not configured for key: CASH
2026-03-27 21:45:49,588 ERROR sync Error syncing pos 5: Account mapping not configured for key: CASH
Traceback (most recent call last):
  File "/home/sahee/biloop/accounting/backend/sync/services.py", line 80, in sync_pos
    entry = self.journal_service.generate_pos_sale(pos.id)
            ^^^^^^^^^^^^^^^^^^^^^^^^^^^^^^^^^^^^^^^^^^^^^^
  File "/usr/lib/python3.12/contextlib.py", line 81, in inner
    return func(*args, **kwds)
           ^^^^^^^^^^^^^^^^^^^
  File "/home/sahee/biloop/accounting/backend/journals/services.py", line 160, in generate_pos_sale
    debit_ac = self._acct('CASH')
               ^^^^^^^^^^^^^^^^^^
  File "/home/sahee/biloop/accounting/backend/journals/services.py", line 29, in _acct
    raise ValueError(f"Account mapping not configured for key: {key}")
ValueError: Account mapping not configured for key: CASH
2026-03-27 21:45:49,599 ERROR sync Error syncing pos 6: Account mapping not configured for key: CASH
Traceback (most recent call last):
  File "/home/sahee/biloop/accounting/backend/sync/services.py", line 80, in sync_pos
    entry = self.journal_service.generate_pos_sale(pos.id)
            ^^^^^^^^^^^^^^^^^^^^^^^^^^^^^^^^^^^^^^^^^^^^^^
  File "/usr/lib/python3.12/contextlib.py", line 81, in inner
    return func(*args, **kwds)
           ^^^^^^^^^^^^^^^^^^^
  File "/home/sahee/biloop/accounting/backend/journals/services.py", line 160, in generate_pos_sale
    debit_ac = self._acct('CASH')
               ^^^^^^^^^^^^^^^^^^
  File "/home/sahee/biloop/accounting/backend/journals/services.py", line 29, in _acct
    raise ValueError(f"Account mapping not configured for key: {key}")
ValueError: Account mapping not configured for key: CASH
2026-03-27 21:45:49,609 ERROR sync Error syncing pos 7: Account mapping not configured for key: CASH
Traceback (most recent call last):
  File "/home/sahee/biloop/accounting/backend/sync/services.py", line 80, in sync_pos
    entry = self.journal_service.generate_pos_sale(pos.id)
            ^^^^^^^^^^^^^^^^^^^^^^^^^^^^^^^^^^^^^^^^^^^^^^
  File "/usr/lib/python3.12/contextlib.py", line 81, in inner
    return func(*args, **kwds)
           ^^^^^^^^^^^^^^^^^^^
  File "/home/sahee/biloop/accounting/backend/journals/services.py", line 160, in generate_pos_sale
    debit_ac = self._acct('CASH')
               ^^^^^^^^^^^^^^^^^^
  File "/home/sahee/biloop/accounting/backend/journals/services.py", line 29, in _acct
    raise ValueError(f"Account mapping not configured for key: {key}")
ValueError: Account mapping not configured for key: CASH
2026-03-27 21:45:49,622 ERROR sync Error syncing pos 8: Account mapping not configured for key: CASH
Traceback (most recent call last):
  File "/home/sahee/biloop/accounting/backend/sync/services.py", line 80, in sync_pos
    entry = self.journal_service.generate_pos_sale(pos.id)
            ^^^^^^^^^^^^^^^^^^^^^^^^^^^^^^^^^^^^^^^^^^^^^^
  File "/usr/lib/python3.12/contextlib.py", line 81, in inner
    return func(*args, **kwds)
           ^^^^^^^^^^^^^^^^^^^
  File "/home/sahee/biloop/accounting/backend/journals/services.py", line 160, in generate_pos_sale
    debit_ac = self._acct('CASH')
               ^^^^^^^^^^^^^^^^^^
  File "/home/sahee/biloop/accounting/backend/journals/services.py", line 29, in _acct
    raise ValueError(f"Account mapping not configured for key: {key}")
ValueError: Account mapping not configured for key: CASH
2026-03-27 21:45:49,632 ERROR sync Error syncing pos 9: Account mapping not configured for key: CASH
Traceback (most recent call last):
  File "/home/sahee/biloop/accounting/backend/sync/services.py", line 80, in sync_pos
    entry = self.journal_service.generate_pos_sale(pos.id)
            ^^^^^^^^^^^^^^^^^^^^^^^^^^^^^^^^^^^^^^^^^^^^^^
  File "/usr/lib/python3.12/contextlib.py", line 81, in inner
    return func(*args, **kwds)
           ^^^^^^^^^^^^^^^^^^^
  File "/home/sahee/biloop/accounting/backend/journals/services.py", line 160, in generate_pos_sale
    debit_ac = self._acct('CASH')
               ^^^^^^^^^^^^^^^^^^
  File "/home/sahee/biloop/accounting/backend/journals/services.py", line 29, in _acct
    raise ValueError(f"Account mapping not configured for key: {key}")
ValueError: Account mapping not configured for key: CASH
2026-03-27 21:45:49,643 ERROR sync Error syncing pos 10: Account mapping not configured for key: CASH
Traceback (most recent call last):
  File "/home/sahee/biloop/accounting/backend/sync/services.py", line 80, in sync_pos
    entry = self.journal_service.generate_pos_sale(pos.id)
            ^^^^^^^^^^^^^^^^^^^^^^^^^^^^^^^^^^^^^^^^^^^^^^
  File "/usr/lib/python3.12/contextlib.py", line 81, in inner
    return func(*args, **kwds)
           ^^^^^^^^^^^^^^^^^^^
  File "/home/sahee/biloop/accounting/backend/journals/services.py", line 160, in generate_pos_sale
    debit_ac = self._acct('CASH')
               ^^^^^^^^^^^^^^^^^^
  File "/home/sahee/biloop/accounting/backend/journals/services.py", line 29, in _acct
    raise ValueError(f"Account mapping not configured for key: {key}")
ValueError: Account mapping not configured for key: CASH
2026-03-27 21:45:49,655 ERROR sync Error syncing pos 11: Account mapping not configured for key: CASH
Traceback (most recent call last):
  File "/home/sahee/biloop/accounting/backend/sync/services.py", line 80, in sync_pos
    entry = self.journal_service.generate_pos_sale(pos.id)
            ^^^^^^^^^^^^^^^^^^^^^^^^^^^^^^^^^^^^^^^^^^^^^^
  File "/usr/lib/python3.12/contextlib.py", line 81, in inner
    return func(*args, **kwds)
           ^^^^^^^^^^^^^^^^^^^
  File "/home/sahee/biloop/accounting/backend/journals/services.py", line 160, in generate_pos_sale
    debit_ac = self._acct('CASH')
               ^^^^^^^^^^^^^^^^^^
  File "/home/sahee/biloop/accounting/backend/journals/services.py", line 29, in _acct
    raise ValueError(f"Account mapping not configured for key: {key}")
ValueError: Account mapping not configured for key: CASH
2026-03-27 21:45:49,667 ERROR sync Error syncing pos 12: Account mapping not configured for key: CASH
Traceback (most recent call last):
  File "/home/sahee/biloop/accounting/backend/sync/services.py", line 80, in sync_pos
    entry = self.journal_service.generate_pos_sale(pos.id)
            ^^^^^^^^^^^^^^^^^^^^^^^^^^^^^^^^^^^^^^^^^^^^^^
  File "/usr/lib/python3.12/contextlib.py", line 81, in inner
    return func(*args, **kwds)
           ^^^^^^^^^^^^^^^^^^^
  File "/home/sahee/biloop/accounting/backend/journals/services.py", line 160, in generate_pos_sale
    debit_ac = self._acct('CASH')
               ^^^^^^^^^^^^^^^^^^
  File "/home/sahee/biloop/accounting/backend/journals/services.py", line 29, in _acct
    raise ValueError(f"Account mapping not configured for key: {key}")
ValueError: Account mapping not configured for key: CASH
2026-03-27 21:45:49,680 ERROR sync Error syncing pos 13: Account mapping not configured for key: CASH
Traceback (most recent call last):
  File "/home/sahee/biloop/accounting/backend/sync/services.py", line 80, in sync_pos
    entry = self.journal_service.generate_pos_sale(pos.id)
            ^^^^^^^^^^^^^^^^^^^^^^^^^^^^^^^^^^^^^^^^^^^^^^
  File "/usr/lib/python3.12/contextlib.py", line 81, in inner
    return func(*args, **kwds)
           ^^^^^^^^^^^^^^^^^^^
  File "/home/sahee/biloop/accounting/backend/journals/services.py", line 160, in generate_pos_sale
    debit_ac = self._acct('CASH')
               ^^^^^^^^^^^^^^^^^^
  File "/home/sahee/biloop/accounting/backend/journals/services.py", line 29, in _acct
    raise ValueError(f"Account mapping not configured for key: {key}")
ValueError: Account mapping not configured for key: CASH
2026-03-27 21:45:49,691 ERROR sync Error syncing pos 14: Account mapping not configured for key: CASH
Traceback (most recent call last):
  File "/home/sahee/biloop/accounting/backend/sync/services.py", line 80, in sync_pos
    entry = self.journal_service.generate_pos_sale(pos.id)
            ^^^^^^^^^^^^^^^^^^^^^^^^^^^^^^^^^^^^^^^^^^^^^^
  File "/usr/lib/python3.12/contextlib.py", line 81, in inner
    return func(*args, **kwds)
           ^^^^^^^^^^^^^^^^^^^
  File "/home/sahee/biloop/accounting/backend/journals/services.py", line 160, in generate_pos_sale
    debit_ac = self._acct('CASH')
               ^^^^^^^^^^^^^^^^^^
  File "/home/sahee/biloop/accounting/backend/journals/services.py", line 29, in _acct
    raise ValueError(f"Account mapping not configured for key: {key}")
ValueError: Account mapping not configured for key: CASH
2026-03-27 21:45:49,702 ERROR sync Error syncing pos 15: Account mapping not configured for key: CASH
Traceback (most recent call last):
  File "/home/sahee/biloop/accounting/backend/sync/services.py", line 80, in sync_pos
    entry = self.journal_service.generate_pos_sale(pos.id)
            ^^^^^^^^^^^^^^^^^^^^^^^^^^^^^^^^^^^^^^^^^^^^^^
  File "/usr/lib/python3.12/contextlib.py", line 81, in inner
    return func(*args, **kwds)
           ^^^^^^^^^^^^^^^^^^^
  File "/home/sahee/biloop/accounting/backend/journals/services.py", line 160, in generate_pos_sale
    debit_ac = self._acct('CASH')
               ^^^^^^^^^^^^^^^^^^
  File "/home/sahee/biloop/accounting/backend/journals/services.py", line 29, in _acct
    raise ValueError(f"Account mapping not configured for key: {key}")
ValueError: Account mapping not configured for key: CASH
2026-03-27 21:45:49,713 ERROR sync Error syncing pos 16: Account mapping not configured for key: CASH
Traceback (most recent call last):
  File "/home/sahee/biloop/accounting/backend/sync/services.py", line 80, in sync_pos
    entry = self.journal_service.generate_pos_sale(pos.id)
            ^^^^^^^^^^^^^^^^^^^^^^^^^^^^^^^^^^^^^^^^^^^^^^
  File "/usr/lib/python3.12/contextlib.py", line 81, in inner
    return func(*args, **kwds)
           ^^^^^^^^^^^^^^^^^^^
  File "/home/sahee/biloop/accounting/backend/journals/services.py", line 160, in generate_pos_sale
    debit_ac = self._acct('CASH')
               ^^^^^^^^^^^^^^^^^^
  File "/home/sahee/biloop/accounting/backend/journals/services.py", line 29, in _acct
    raise ValueError(f"Account mapping not configured for key: {key}")
ValueError: Account mapping not configured for key: CASH
2026-03-27 21:45:49,724 ERROR sync Error syncing pos 18: Account mapping not configured for key: CASH
Traceback (most recent call last):
  File "/home/sahee/biloop/accounting/backend/sync/services.py", line 80, in sync_pos
    entry = self.journal_service.generate_pos_sale(pos.id)
            ^^^^^^^^^^^^^^^^^^^^^^^^^^^^^^^^^^^^^^^^^^^^^^
  File "/usr/lib/python3.12/contextlib.py", line 81, in inner
    return func(*args, **kwds)
           ^^^^^^^^^^^^^^^^^^^
  File "/home/sahee/biloop/accounting/backend/journals/services.py", line 160, in generate_pos_sale
    debit_ac = self._acct('CASH')
               ^^^^^^^^^^^^^^^^^^
  File "/home/sahee/biloop/accounting/backend/journals/services.py", line 29, in _acct
    raise ValueError(f"Account mapping not configured for key: {key}")
ValueError: Account mapping not configured for key: CASH
2026-03-27 21:45:49,735 ERROR sync Error syncing pos 19: Account mapping not configured for key: CASH
Traceback (most recent call last):
  File "/home/sahee/biloop/accounting/backend/sync/services.py", line 80, in sync_pos
    entry = self.journal_service.generate_pos_sale(pos.id)
            ^^^^^^^^^^^^^^^^^^^^^^^^^^^^^^^^^^^^^^^^^^^^^^
  File "/usr/lib/python3.12/contextlib.py", line 81, in inner
    return func(*args, **kwds)
           ^^^^^^^^^^^^^^^^^^^
  File "/home/sahee/biloop/accounting/backend/journals/services.py", line 160, in generate_pos_sale
    debit_ac = self._acct('CASH')
               ^^^^^^^^^^^^^^^^^^
  File "/home/sahee/biloop/accounting/backend/journals/services.py", line 29, in _acct
    raise ValueError(f"Account mapping not configured for key: {key}")
ValueError: Account mapping not configured for key: CASH
2026-03-27 21:45:49,745 ERROR sync Error syncing pos 20: Account mapping not configured for key: CASH
Traceback (most recent call last):
  File "/home/sahee/biloop/accounting/backend/sync/services.py", line 80, in sync_pos
    entry = self.journal_service.generate_pos_sale(pos.id)
            ^^^^^^^^^^^^^^^^^^^^^^^^^^^^^^^^^^^^^^^^^^^^^^
  File "/usr/lib/python3.12/contextlib.py", line 81, in inner
    return func(*args, **kwds)
           ^^^^^^^^^^^^^^^^^^^
  File "/home/sahee/biloop/accounting/backend/journals/services.py", line 160, in generate_pos_sale
    debit_ac = self._acct('CASH')
               ^^^^^^^^^^^^^^^^^^
  File "/home/sahee/biloop/accounting/backend/journals/services.py", line 29, in _acct
    raise ValueError(f"Account mapping not configured for key: {key}")
ValueError: Account mapping not configured for key: CASH
2026-03-27 21:45:49,771 ERROR sync Error syncing b2b 1: Account mapping not configured for key: TRADE_RECEIVABLES
Traceback (most recent call last):
  File "/home/sahee/biloop/accounting/backend/sync/services.py", line 104, in sync_b2b
    entry = self.journal_service.generate_b2b_sale(order.id)
            ^^^^^^^^^^^^^^^^^^^^^^^^^^^^^^^^^^^^^^^^^^^^^^^^
  File "/usr/lib/python3.12/contextlib.py", line 81, in inner
    return func(*args, **kwds)
           ^^^^^^^^^^^^^^^^^^^
  File "/home/sahee/biloop/accounting/backend/journals/services.py", line 232, in generate_b2b_sale
    account=self._acct('TRADE_RECEIVABLES'),
            ^^^^^^^^^^^^^^^^^^^^^^^^^^^^^^^
  File "/home/sahee/biloop/accounting/backend/journals/services.py", line 29, in _acct
    raise ValueError(f"Account mapping not configured for key: {key}")
ValueError: Account mapping not configured for key: TRADE_RECEIVABLES
2026-03-27 21:45:49,783 ERROR sync Error syncing b2b 3: Account mapping not configured for key: TRADE_RECEIVABLES
Traceback (most recent call last):
  File "/home/sahee/biloop/accounting/backend/sync/services.py", line 104, in sync_b2b
    entry = self.journal_service.generate_b2b_sale(order.id)
            ^^^^^^^^^^^^^^^^^^^^^^^^^^^^^^^^^^^^^^^^^^^^^^^^
  File "/usr/lib/python3.12/contextlib.py", line 81, in inner
    return func(*args, **kwds)
           ^^^^^^^^^^^^^^^^^^^
  File "/home/sahee/biloop/accounting/backend/journals/services.py", line 232, in generate_b2b_sale
    account=self._acct('TRADE_RECEIVABLES'),
            ^^^^^^^^^^^^^^^^^^^^^^^^^^^^^^^
  File "/home/sahee/biloop/accounting/backend/journals/services.py", line 29, in _acct
    raise ValueError(f"Account mapping not configured for key: {key}")
ValueError: Account mapping not configured for key: TRADE_RECEIVABLES
2026-03-27 21:45:49,793 ERROR sync Error syncing b2b 4: Account mapping not configured for key: TRADE_RECEIVABLES
Traceback (most recent call last):
  File "/home/sahee/biloop/accounting/backend/sync/services.py", line 104, in sync_b2b
    entry = self.journal_service.generate_b2b_sale(order.id)
            ^^^^^^^^^^^^^^^^^^^^^^^^^^^^^^^^^^^^^^^^^^^^^^^^
  File "/usr/lib/python3.12/contextlib.py", line 81, in inner
    return func(*args, **kwds)
           ^^^^^^^^^^^^^^^^^^^
  File "/home/sahee/biloop/accounting/backend/journals/services.py", line 232, in generate_b2b_sale
    account=self._acct('TRADE_RECEIVABLES'),
            ^^^^^^^^^^^^^^^^^^^^^^^^^^^^^^^
  File "/home/sahee/biloop/accounting/backend/journals/services.py", line 29, in _acct
    raise ValueError(f"Account mapping not configured for key: {key}")
ValueError: Account mapping not configured for key: TRADE_RECEIVABLES
2026-03-27 21:45:49,805 ERROR sync Error syncing b2b 5: Account mapping not configured for key: TRADE_RECEIVABLES
Traceback (most recent call last):
  File "/home/sahee/biloop/accounting/backend/sync/services.py", line 104, in sync_b2b
    entry = self.journal_service.generate_b2b_sale(order.id)
            ^^^^^^^^^^^^^^^^^^^^^^^^^^^^^^^^^^^^^^^^^^^^^^^^
  File "/usr/lib/python3.12/contextlib.py", line 81, in inner
    return func(*args, **kwds)
           ^^^^^^^^^^^^^^^^^^^
  File "/home/sahee/biloop/accounting/backend/journals/services.py", line 232, in generate_b2b_sale
    account=self._acct('TRADE_RECEIVABLES'),
            ^^^^^^^^^^^^^^^^^^^^^^^^^^^^^^^
  File "/home/sahee/biloop/accounting/backend/journals/services.py", line 29, in _acct
    raise ValueError(f"Account mapping not configured for key: {key}")
ValueError: Account mapping not configured for key: TRADE_RECEIVABLES
2026-03-27 21:45:49,816 ERROR sync Error syncing b2b 6: Account mapping not configured for key: TRADE_RECEIVABLES
Traceback (most recent call last):
  File "/home/sahee/biloop/accounting/backend/sync/services.py", line 104, in sync_b2b
    entry = self.journal_service.generate_b2b_sale(order.id)
            ^^^^^^^^^^^^^^^^^^^^^^^^^^^^^^^^^^^^^^^^^^^^^^^^
  File "/usr/lib/python3.12/contextlib.py", line 81, in inner
    return func(*args, **kwds)
           ^^^^^^^^^^^^^^^^^^^
  File "/home/sahee/biloop/accounting/backend/journals/services.py", line 232, in generate_b2b_sale
    account=self._acct('TRADE_RECEIVABLES'),
            ^^^^^^^^^^^^^^^^^^^^^^^^^^^^^^^
  File "/home/sahee/biloop/accounting/backend/journals/services.py", line 29, in _acct
    raise ValueError(f"Account mapping not configured for key: {key}")
ValueError: Account mapping not configured for key: TRADE_RECEIVABLES
2026-03-27 21:45:49,826 ERROR sync Error syncing b2b 7: Account mapping not configured for key: TRADE_RECEIVABLES
Traceback (most recent call last):
  File "/home/sahee/biloop/accounting/backend/sync/services.py", line 104, in sync_b2b
    entry = self.journal_service.generate_b2b_sale(order.id)
            ^^^^^^^^^^^^^^^^^^^^^^^^^^^^^^^^^^^^^^^^^^^^^^^^
  File "/usr/lib/python3.12/contextlib.py", line 81, in inner
    return func(*args, **kwds)
           ^^^^^^^^^^^^^^^^^^^
  File "/home/sahee/biloop/accounting/backend/journals/services.py", line 232, in generate_b2b_sale
    account=self._acct('TRADE_RECEIVABLES'),
            ^^^^^^^^^^^^^^^^^^^^^^^^^^^^^^^
  File "/home/sahee/biloop/accounting/backend/journals/services.py", line 29, in _acct
    raise ValueError(f"Account mapping not configured for key: {key}")
ValueError: Account mapping not configured for key: TRADE_RECEIVABLES
2026-03-27 21:45:49,838 ERROR sync Error syncing b2b 9: Account mapping not configured for key: TRADE_RECEIVABLES
Traceback (most recent call last):
  File "/home/sahee/biloop/accounting/backend/sync/services.py", line 104, in sync_b2b
    entry = self.journal_service.generate_b2b_sale(order.id)
            ^^^^^^^^^^^^^^^^^^^^^^^^^^^^^^^^^^^^^^^^^^^^^^^^
  File "/usr/lib/python3.12/contextlib.py", line 81, in inner
    return func(*args, **kwds)
           ^^^^^^^^^^^^^^^^^^^
  File "/home/sahee/biloop/accounting/backend/journals/services.py", line 232, in generate_b2b_sale
    account=self._acct('TRADE_RECEIVABLES'),
            ^^^^^^^^^^^^^^^^^^^^^^^^^^^^^^^
  File "/home/sahee/biloop/accounting/backend/journals/services.py", line 29, in _acct
    raise ValueError(f"Account mapping not configured for key: {key}")
ValueError: Account mapping not configured for key: TRADE_RECEIVABLES
2026-03-27 21:45:49,848 ERROR sync Error syncing b2b 10: Account mapping not configured for key: TRADE_RECEIVABLES
Traceback (most recent call last):
  File "/home/sahee/biloop/accounting/backend/sync/services.py", line 104, in sync_b2b
    entry = self.journal_service.generate_b2b_sale(order.id)
            ^^^^^^^^^^^^^^^^^^^^^^^^^^^^^^^^^^^^^^^^^^^^^^^^
  File "/usr/lib/python3.12/contextlib.py", line 81, in inner
    return func(*args, **kwds)
           ^^^^^^^^^^^^^^^^^^^
  File "/home/sahee/biloop/accounting/backend/journals/services.py", line 232, in generate_b2b_sale
    account=self._acct('TRADE_RECEIVABLES'),
            ^^^^^^^^^^^^^^^^^^^^^^^^^^^^^^^
  File "/home/sahee/biloop/accounting/backend/journals/services.py", line 29, in _acct
    raise ValueError(f"Account mapping not configured for key: {key}")
ValueError: Account mapping not configured for key: TRADE_RECEIVABLES
2026-03-27 21:45:49,859 ERROR sync Error syncing b2b 11: Account mapping not configured for key: TRADE_RECEIVABLES
Traceback (most recent call last):
  File "/home/sahee/biloop/accounting/backend/sync/services.py", line 104, in sync_b2b
    entry = self.journal_service.generate_b2b_sale(order.id)
            ^^^^^^^^^^^^^^^^^^^^^^^^^^^^^^^^^^^^^^^^^^^^^^^^
  File "/usr/lib/python3.12/contextlib.py", line 81, in inner
    return func(*args, **kwds)
           ^^^^^^^^^^^^^^^^^^^
  File "/home/sahee/biloop/accounting/backend/journals/services.py", line 232, in generate_b2b_sale
    account=self._acct('TRADE_RECEIVABLES'),
            ^^^^^^^^^^^^^^^^^^^^^^^^^^^^^^^
  File "/home/sahee/biloop/accounting/backend/journals/services.py", line 29, in _acct
    raise ValueError(f"Account mapping not configured for key: {key}")
ValueError: Account mapping not configured for key: TRADE_RECEIVABLES
2026-03-27 21:45:49,871 ERROR sync Error syncing b2b 12: Account mapping not configured for key: TRADE_RECEIVABLES
Traceback (most recent call last):
  File "/home/sahee/biloop/accounting/backend/sync/services.py", line 104, in sync_b2b
    entry = self.journal_service.generate_b2b_sale(order.id)
            ^^^^^^^^^^^^^^^^^^^^^^^^^^^^^^^^^^^^^^^^^^^^^^^^
  File "/usr/lib/python3.12/contextlib.py", line 81, in inner
    return func(*args, **kwds)
           ^^^^^^^^^^^^^^^^^^^
  File "/home/sahee/biloop/accounting/backend/journals/services.py", line 232, in generate_b2b_sale
    account=self._acct('TRADE_RECEIVABLES'),
            ^^^^^^^^^^^^^^^^^^^^^^^^^^^^^^^
  File "/home/sahee/biloop/accounting/backend/journals/services.py", line 29, in _acct
    raise ValueError(f"Account mapping not configured for key: {key}")
ValueError: Account mapping not configured for key: TRADE_RECEIVABLES
2026-03-27 21:45:49,882 ERROR sync Error syncing b2b 13: Account mapping not configured for key: TRADE_RECEIVABLES
Traceback (most recent call last):
  File "/home/sahee/biloop/accounting/backend/sync/services.py", line 104, in sync_b2b
    entry = self.journal_service.generate_b2b_sale(order.id)
            ^^^^^^^^^^^^^^^^^^^^^^^^^^^^^^^^^^^^^^^^^^^^^^^^
  File "/usr/lib/python3.12/contextlib.py", line 81, in inner
    return func(*args, **kwds)
           ^^^^^^^^^^^^^^^^^^^
  File "/home/sahee/biloop/accounting/backend/journals/services.py", line 232, in generate_b2b_sale
    account=self._acct('TRADE_RECEIVABLES'),
            ^^^^^^^^^^^^^^^^^^^^^^^^^^^^^^^
  File "/home/sahee/biloop/accounting/backend/journals/services.py", line 29, in _acct
    raise ValueError(f"Account mapping not configured for key: {key}")
ValueError: Account mapping not configured for key: TRADE_RECEIVABLES
2026-03-27 21:45:49,894 ERROR sync Error syncing b2b 14: Account mapping not configured for key: TRADE_RECEIVABLES
Traceback (most recent call last):
  File "/home/sahee/biloop/accounting/backend/sync/services.py", line 104, in sync_b2b
    entry = self.journal_service.generate_b2b_sale(order.id)
            ^^^^^^^^^^^^^^^^^^^^^^^^^^^^^^^^^^^^^^^^^^^^^^^^
  File "/usr/lib/python3.12/contextlib.py", line 81, in inner
    return func(*args, **kwds)
           ^^^^^^^^^^^^^^^^^^^
  File "/home/sahee/biloop/accounting/backend/journals/services.py", line 232, in generate_b2b_sale
    account=self._acct('TRADE_RECEIVABLES'),
            ^^^^^^^^^^^^^^^^^^^^^^^^^^^^^^^
  File "/home/sahee/biloop/accounting/backend/journals/services.py", line 29, in _acct
    raise ValueError(f"Account mapping not configured for key: {key}")
ValueError: Account mapping not configured for key: TRADE_RECEIVABLES
2026-03-27 21:45:49,905 ERROR sync Error syncing b2b 15: Account mapping not configured for key: TRADE_RECEIVABLES
Traceback (most recent call last):
  File "/home/sahee/biloop/accounting/backend/sync/services.py", line 104, in sync_b2b
    entry = self.journal_service.generate_b2b_sale(order.id)
            ^^^^^^^^^^^^^^^^^^^^^^^^^^^^^^^^^^^^^^^^^^^^^^^^
  File "/usr/lib/python3.12/contextlib.py", line 81, in inner
    return func(*args, **kwds)
           ^^^^^^^^^^^^^^^^^^^
  File "/home/sahee/biloop/accounting/backend/journals/services.py", line 232, in generate_b2b_sale
    account=self._acct('TRADE_RECEIVABLES'),
            ^^^^^^^^^^^^^^^^^^^^^^^^^^^^^^^
  File "/home/sahee/biloop/accounting/backend/journals/services.py", line 29, in _acct
    raise ValueError(f"Account mapping not configured for key: {key}")
ValueError: Account mapping not configured for key: TRADE_RECEIVABLES
2026-03-27 21:45:49,930 ERROR sync Error syncing return 1: Account mapping not configured for key: SALES_RETURNS
Traceback (most recent call last):
  File "/home/sahee/biloop/accounting/backend/sync/services.py", line 128, in sync_returns
    entry = self.journal_service.generate_sales_return(ret.id)
            ^^^^^^^^^^^^^^^^^^^^^^^^^^^^^^^^^^^^^^^^^^^^^^^^^^
  File "/usr/lib/python3.12/contextlib.py", line 81, in inner
    return func(*args, **kwds)
           ^^^^^^^^^^^^^^^^^^^
  File "/home/sahee/biloop/accounting/backend/journals/services.py", line 288, in generate_sales_return
    JournalEntryLine.objects.create(entry=entry, account=self._acct('SALES_RETURNS'), debit=sales_amount)
                                                         ^^^^^^^^^^^^^^^^^^^^^^^^^^^
  File "/home/sahee/biloop/accounting/backend/journals/services.py", line 29, in _acct
    raise ValueError(f"Account mapping not configured for key: {key}")
ValueError: Account mapping not configured for key: SALES_RETURNS
2026-03-27 21:45:49,941 ERROR sync Error syncing return 2: Account mapping not configured for key: SALES_RETURNS
Traceback (most recent call last):
  File "/home/sahee/biloop/accounting/backend/sync/services.py", line 128, in sync_returns
    entry = self.journal_service.generate_sales_return(ret.id)
            ^^^^^^^^^^^^^^^^^^^^^^^^^^^^^^^^^^^^^^^^^^^^^^^^^^
  File "/usr/lib/python3.12/contextlib.py", line 81, in inner
    return func(*args, **kwds)
           ^^^^^^^^^^^^^^^^^^^
  File "/home/sahee/biloop/accounting/backend/journals/services.py", line 288, in generate_sales_return
    JournalEntryLine.objects.create(entry=entry, account=self._acct('SALES_RETURNS'), debit=sales_amount)
                                                         ^^^^^^^^^^^^^^^^^^^^^^^^^^^
  File "/home/sahee/biloop/accounting/backend/journals/services.py", line 29, in _acct
    raise ValueError(f"Account mapping not configured for key: {key}")
ValueError: Account mapping not configured for key: SALES_RETURNS
2026-03-27 21:45:49,954 ERROR sync Error syncing return 3: Account mapping not configured for key: SALES_RETURNS
Traceback (most recent call last):
  File "/home/sahee/biloop/accounting/backend/sync/services.py", line 128, in sync_returns
    entry = self.journal_service.generate_sales_return(ret.id)
            ^^^^^^^^^^^^^^^^^^^^^^^^^^^^^^^^^^^^^^^^^^^^^^^^^^
  File "/usr/lib/python3.12/contextlib.py", line 81, in inner
    return func(*args, **kwds)
           ^^^^^^^^^^^^^^^^^^^
  File "/home/sahee/biloop/accounting/backend/journals/services.py", line 288, in generate_sales_return
    JournalEntryLine.objects.create(entry=entry, account=self._acct('SALES_RETURNS'), debit=sales_amount)
                                                         ^^^^^^^^^^^^^^^^^^^^^^^^^^^
  File "/home/sahee/biloop/accounting/backend/journals/services.py", line 29, in _acct
    raise ValueError(f"Account mapping not configured for key: {key}")
ValueError: Account mapping not configured for key: SALES_RETURNS
2026-03-27 21:45:49,965 ERROR sync Error syncing return 4: Account mapping not configured for key: SALES_RETURNS
Traceback (most recent call last):
  File "/home/sahee/biloop/accounting/backend/sync/services.py", line 128, in sync_returns
    entry = self.journal_service.generate_sales_return(ret.id)
            ^^^^^^^^^^^^^^^^^^^^^^^^^^^^^^^^^^^^^^^^^^^^^^^^^^
  File "/usr/lib/python3.12/contextlib.py", line 81, in inner
    return func(*args, **kwds)
           ^^^^^^^^^^^^^^^^^^^
  File "/home/sahee/biloop/accounting/backend/journals/services.py", line 288, in generate_sales_return
    JournalEntryLine.objects.create(entry=entry, account=self._acct('SALES_RETURNS'), debit=sales_amount)
                                                         ^^^^^^^^^^^^^^^^^^^^^^^^^^^
  File "/home/sahee/biloop/accounting/backend/journals/services.py", line 29, in _acct
    raise ValueError(f"Account mapping not configured for key: {key}")
ValueError: Account mapping not configured for key: SALES_RETURNS
2026-03-27 21:45:49,976 ERROR sync Error syncing return 5: Account mapping not configured for key: SALES_RETURNS
Traceback (most recent call last):
  File "/home/sahee/biloop/accounting/backend/sync/services.py", line 128, in sync_returns
    entry = self.journal_service.generate_sales_return(ret.id)
            ^^^^^^^^^^^^^^^^^^^^^^^^^^^^^^^^^^^^^^^^^^^^^^^^^^
  File "/usr/lib/python3.12/contextlib.py", line 81, in inner
    return func(*args, **kwds)
           ^^^^^^^^^^^^^^^^^^^
  File "/home/sahee/biloop/accounting/backend/journals/services.py", line 288, in generate_sales_return
    JournalEntryLine.objects.create(entry=entry, account=self._acct('SALES_RETURNS'), debit=sales_amount)
                                                         ^^^^^^^^^^^^^^^^^^^^^^^^^^^
  File "/home/sahee/biloop/accounting/backend/journals/services.py", line 29, in _acct
    raise ValueError(f"Account mapping not configured for key: {key}")
ValueError: Account mapping not configured for key: SALES_RETURNS
2026-03-27 21:45:49,987 ERROR sync Error syncing return 6: Account mapping not configured for key: SALES_RETURNS
Traceback (most recent call last):
  File "/home/sahee/biloop/accounting/backend/sync/services.py", line 128, in sync_returns
    entry = self.journal_service.generate_sales_return(ret.id)
            ^^^^^^^^^^^^^^^^^^^^^^^^^^^^^^^^^^^^^^^^^^^^^^^^^^
  File "/usr/lib/python3.12/contextlib.py", line 81, in inner
    return func(*args, **kwds)
           ^^^^^^^^^^^^^^^^^^^
  File "/home/sahee/biloop/accounting/backend/journals/services.py", line 288, in generate_sales_return
    JournalEntryLine.objects.create(entry=entry, account=self._acct('SALES_RETURNS'), debit=sales_amount)
                                                         ^^^^^^^^^^^^^^^^^^^^^^^^^^^
  File "/home/sahee/biloop/accounting/backend/journals/services.py", line 29, in _acct
    raise ValueError(f"Account mapping not configured for key: {key}")
ValueError: Account mapping not configured for key: SALES_RETURNS
2026-03-27 21:45:49,998 ERROR sync Error syncing return 7: Account mapping not configured for key: SALES_RETURNS
Traceback (most recent call last):
  File "/home/sahee/biloop/accounting/backend/sync/services.py", line 128, in sync_returns
    entry = self.journal_service.generate_sales_return(ret.id)
            ^^^^^^^^^^^^^^^^^^^^^^^^^^^^^^^^^^^^^^^^^^^^^^^^^^
  File "/usr/lib/python3.12/contextlib.py", line 81, in inner
    return func(*args, **kwds)
           ^^^^^^^^^^^^^^^^^^^
  File "/home/sahee/biloop/accounting/backend/journals/services.py", line 288, in generate_sales_return
    JournalEntryLine.objects.create(entry=entry, account=self._acct('SALES_RETURNS'), debit=sales_amount)
                                                         ^^^^^^^^^^^^^^^^^^^^^^^^^^^
  File "/home/sahee/biloop/accounting/backend/journals/services.py", line 29, in _acct
    raise ValueError(f"Account mapping not configured for key: {key}")
ValueError: Account mapping not configured for key: SALES_RETURNS
2026-03-27 21:45:50,010 ERROR sync Error syncing return 8: Account mapping not configured for key: SALES_RETURNS
Traceback (most recent call last):
  File "/home/sahee/biloop/accounting/backend/sync/services.py", line 128, in sync_returns
    entry = self.journal_service.generate_sales_return(ret.id)
            ^^^^^^^^^^^^^^^^^^^^^^^^^^^^^^^^^^^^^^^^^^^^^^^^^^
  File "/usr/lib/python3.12/contextlib.py", line 81, in inner
    return func(*args, **kwds)
           ^^^^^^^^^^^^^^^^^^^
  File "/home/sahee/biloop/accounting/backend/journals/services.py", line 288, in generate_sales_return
    JournalEntryLine.objects.create(entry=entry, account=self._acct('SALES_RETURNS'), debit=sales_amount)
                                                         ^^^^^^^^^^^^^^^^^^^^^^^^^^^
  File "/home/sahee/biloop/accounting/backend/journals/services.py", line 29, in _acct
    raise ValueError(f"Account mapping not configured for key: {key}")
ValueError: Account mapping not configured for key: SALES_RETURNS
2026-03-27 21:45:50,030 ERROR sync Error syncing purchase_return 1: Account mapping not configured for key: TRADE_PAYABLES
Traceback (most recent call last):
  File "/home/sahee/biloop/accounting/backend/sync/services.py", line 153, in sync_purchase_returns
    entry = self.journal_service.generate_purchase_return(ret.id)
            ^^^^^^^^^^^^^^^^^^^^^^^^^^^^^^^^^^^^^^^^^^^^^^^^^^^^^
  File "/usr/lib/python3.12/contextlib.py", line 81, in inner
    return func(*args, **kwds)
           ^^^^^^^^^^^^^^^^^^^
  File "/home/sahee/biloop/accounting/backend/journals/services.py", line 352, in generate_purchase_return
    account=self._acct('TRADE_PAYABLES'),
            ^^^^^^^^^^^^^^^^^^^^^^^^^^^^
  File "/home/sahee/biloop/accounting/backend/journals/services.py", line 29, in _acct
    raise ValueError(f"Account mapping not configured for key: {key}")
ValueError: Account mapping not configured for key: TRADE_PAYABLES
2026-03-27 21:45:50,042 ERROR sync Error syncing purchase_return 2: Account mapping not configured for key: TRADE_PAYABLES
Traceback (most recent call last):
  File "/home/sahee/biloop/accounting/backend/sync/services.py", line 153, in sync_purchase_returns
    entry = self.journal_service.generate_purchase_return(ret.id)
            ^^^^^^^^^^^^^^^^^^^^^^^^^^^^^^^^^^^^^^^^^^^^^^^^^^^^^
  File "/usr/lib/python3.12/contextlib.py", line 81, in inner
    return func(*args, **kwds)
           ^^^^^^^^^^^^^^^^^^^
  File "/home/sahee/biloop/accounting/backend/journals/services.py", line 352, in generate_purchase_return
    account=self._acct('TRADE_PAYABLES'),
            ^^^^^^^^^^^^^^^^^^^^^^^^^^^^
  File "/home/sahee/biloop/accounting/backend/journals/services.py", line 29, in _acct
    raise ValueError(f"Account mapping not configured for key: {key}")
ValueError: Account mapping not configured for key: TRADE_PAYABLES
2026-03-27 21:45:50,054 ERROR sync Error syncing purchase_return 3: Account mapping not configured for key: TRADE_PAYABLES
Traceback (most recent call last):
  File "/home/sahee/biloop/accounting/backend/sync/services.py", line 153, in sync_purchase_returns
    entry = self.journal_service.generate_purchase_return(ret.id)
            ^^^^^^^^^^^^^^^^^^^^^^^^^^^^^^^^^^^^^^^^^^^^^^^^^^^^^
  File "/usr/lib/python3.12/contextlib.py", line 81, in inner
    return func(*args, **kwds)
           ^^^^^^^^^^^^^^^^^^^
  File "/home/sahee/biloop/accounting/backend/journals/services.py", line 352, in generate_purchase_return
    account=self._acct('TRADE_PAYABLES'),
            ^^^^^^^^^^^^^^^^^^^^^^^^^^^^
  File "/home/sahee/biloop/accounting/backend/journals/services.py", line 29, in _acct
    raise ValueError(f"Account mapping not configured for key: {key}")
ValueError: Account mapping not configured for key: TRADE_PAYABLES
2026-03-27 21:45:50,065 ERROR sync Error syncing purchase_return 4: Account mapping not configured for key: TRADE_PAYABLES
Traceback (most recent call last):
  File "/home/sahee/biloop/accounting/backend/sync/services.py", line 153, in sync_purchase_returns
    entry = self.journal_service.generate_purchase_return(ret.id)
            ^^^^^^^^^^^^^^^^^^^^^^^^^^^^^^^^^^^^^^^^^^^^^^^^^^^^^
  File "/usr/lib/python3.12/contextlib.py", line 81, in inner
    return func(*args, **kwds)
           ^^^^^^^^^^^^^^^^^^^
  File "/home/sahee/biloop/accounting/backend/journals/services.py", line 352, in generate_purchase_return
    account=self._acct('TRADE_PAYABLES'),
            ^^^^^^^^^^^^^^^^^^^^^^^^^^^^
  File "/home/sahee/biloop/accounting/backend/journals/services.py", line 29, in _acct
    raise ValueError(f"Account mapping not configured for key: {key}")
ValueError: Account mapping not configured for key: TRADE_PAYABLES
2026-03-27 21:45:50,077 ERROR sync Error syncing purchase_return 5: Account mapping not configured for key: TRADE_PAYABLES
Traceback (most recent call last):
  File "/home/sahee/biloop/accounting/backend/sync/services.py", line 153, in sync_purchase_returns
    entry = self.journal_service.generate_purchase_return(ret.id)
            ^^^^^^^^^^^^^^^^^^^^^^^^^^^^^^^^^^^^^^^^^^^^^^^^^^^^^
  File "/usr/lib/python3.12/contextlib.py", line 81, in inner
    return func(*args, **kwds)
           ^^^^^^^^^^^^^^^^^^^
  File "/home/sahee/biloop/accounting/backend/journals/services.py", line 352, in generate_purchase_return
    account=self._acct('TRADE_PAYABLES'),
            ^^^^^^^^^^^^^^^^^^^^^^^^^^^^
  File "/home/sahee/biloop/accounting/backend/journals/services.py", line 29, in _acct
    raise ValueError(f"Account mapping not configured for key: {key}")
ValueError: Account mapping not configured for key: TRADE_PAYABLES
2026-03-27 21:47:42,319 INFO django.utils.autoreload /home/sahee/biloop/accounting/backend/core/migrations/0003_populate_account_mappings.py changed, reloading.
2026-03-27 21:47:42,517 INFO django.utils.autoreload Watching for file changes with StatReloader
2026-03-28 20:49:35,213 INFO django.utils.autoreload Watching for file changes with StatReloader
2026-03-28 20:49:50,543 WARNING django.request Unauthorized: /api/accounts/dashboard/
2026-03-28 20:49:50,548 WARNING django.request Unauthorized: /api/accounts/dashboard/
2026-03-28 21:03:15,295 WARNING django.request Not Found: /api/tds/challans/auto-generate/
2026-03-28 21:03:18,479 WARNING django.request Not Found: /api/tds/challans/auto-generate/
2026-03-28 21:07:15,537 INFO django.utils.autoreload /home/sahee/biloop/accounting/backend/inventory_reader/models.py changed, reloading.
2026-03-28 21:07:15,767 INFO django.utils.autoreload Watching for file changes with StatReloader
2026-03-28 21:07:33,000 INFO django.utils.autoreload /home/sahee/biloop/accounting/backend/accounting_project/settings/base.py changed, reloading.
2026-03-28 21:07:33,211 INFO django.utils.autoreload Watching for file changes with StatReloader
2026-03-28 21:07:35,341 INFO django.utils.autoreload /home/sahee/biloop/accounting/backend/core/views.py changed, reloading.
2026-03-28 21:07:35,548 INFO django.utils.autoreload Watching for file changes with StatReloader
2026-03-28 21:07:37,689 INFO django.utils.autoreload /home/sahee/biloop/accounting/backend/core/urls.py changed, reloading.
2026-03-28 21:07:37,909 INFO django.utils.autoreload Watching for file changes with StatReloader
2026-03-28 21:07:53,043 INFO django.utils.autoreload /home/sahee/biloop/accounting/backend/core/views.py changed, reloading.
2026-03-28 21:07:53,242 INFO django.utils.autoreload Watching for file changes with StatReloader
2026-03-28 21:07:57,395 INFO django.utils.autoreload /home/sahee/biloop/accounting/backend/core/views.py changed, reloading.
2026-03-28 21:07:57,602 INFO django.utils.autoreload Watching for file changes with StatReloader
2026-03-28 21:08:17,842 INFO django.utils.autoreload /home/sahee/biloop/accounting/backend/journals/views.py changed, reloading.
2026-03-28 21:08:18,060 INFO django.utils.autoreload Watching for file changes with StatReloader
2026-03-28 21:08:23,209 INFO django.utils.autoreload /home/sahee/biloop/accounting/backend/gst_returns/views.py changed, reloading.
2026-03-28 21:08:23,435 INFO django.utils.autoreload Watching for file changes with StatReloader
2026-03-28 21:08:34,644 INFO django.utils.autoreload /home/sahee/biloop/accounting/backend/gst_returns/views.py changed, reloading.
2026-03-28 21:08:34,863 INFO django.utils.autoreload Watching for file changes with StatReloader
2026-03-28 21:08:35,980 INFO django.utils.autoreload /home/sahee/biloop/accounting/backend/tds/views.py changed, reloading.
2026-03-28 21:08:36,181 INFO django.utils.autoreload Watching for file changes with StatReloader
2026-03-28 21:08:41,323 INFO django.utils.autoreload /home/sahee/biloop/accounting/backend/tds/views.py changed, reloading.
2026-03-28 21:08:41,529 INFO django.utils.autoreload Watching for file changes with StatReloader
2026-03-28 21:08:48,684 INFO django.utils.autoreload /home/sahee/biloop/accounting/backend/gst_returns/views.py changed, reloading.
2026-03-28 21:08:48,900 INFO django.utils.autoreload Watching for file changes with StatReloader
2026-03-28 21:09:03,118 INFO django.utils.autoreload /home/sahee/biloop/accounting/backend/gst_returns/views.py changed, reloading.
2026-03-28 21:09:03,334 INFO django.utils.autoreload Watching for file changes with StatReloader
2026-03-28 21:09:13,510 INFO django.utils.autoreload /home/sahee/biloop/accounting/backend/gst_returns/views.py changed, reloading.
2026-03-28 21:09:13,717 INFO django.utils.autoreload Watching for file changes with StatReloader
2026-03-28 21:09:18,859 INFO django.utils.autoreload /home/sahee/biloop/accounting/backend/reports/views.py changed, reloading.
2026-03-28 21:09:19,063 INFO django.utils.autoreload Watching for file changes with StatReloader
2026-03-28 21:09:24,221 INFO django.utils.autoreload /home/sahee/biloop/accounting/backend/reports/views.py changed, reloading.
2026-03-28 21:09:24,433 INFO django.utils.autoreload Watching for file changes with StatReloader
2026-03-28 21:09:26,566 INFO django.utils.autoreload /home/sahee/biloop/accounting/backend/reports/views.py changed, reloading.
2026-03-28 21:09:26,768 INFO django.utils.autoreload Watching for file changes with StatReloader
2026-03-28 21:09:29,921 INFO django.utils.autoreload /home/sahee/biloop/accounting/backend/reports/views.py changed, reloading.
2026-03-28 21:09:30,129 INFO django.utils.autoreload Watching for file changes with StatReloader
2026-03-28 21:09:38,311 INFO django.utils.autoreload /home/sahee/biloop/accounting/backend/reports/views.py changed, reloading.
2026-03-28 21:09:38,508 INFO django.utils.autoreload Watching for file changes with StatReloader
2026-03-28 21:09:42,641 INFO django.utils.autoreload /home/sahee/biloop/accounting/backend/reports/views.py changed, reloading.
2026-03-28 21:09:42,841 INFO django.utils.autoreload Watching for file changes with StatReloader
2026-03-28 21:09:45,969 INFO django.utils.autoreload /home/sahee/biloop/accounting/backend/reports/views.py changed, reloading.
2026-03-28 21:09:46,181 INFO django.utils.autoreload Watching for file changes with StatReloader
2026-03-28 21:09:50,329 INFO django.utils.autoreload /home/sahee/biloop/accounting/backend/reports/views.py changed, reloading.
2026-03-28 21:09:50,555 INFO django.utils.autoreload Watching for file changes with StatReloader
2026-03-28 21:09:51,687 INFO django.utils.autoreload /home/sahee/biloop/accounting/backend/reports/views.py changed, reloading.
2026-03-28 21:09:51,893 INFO django.utils.autoreload Watching for file changes with StatReloader
2026-03-28 21:09:58,055 INFO django.utils.autoreload /home/sahee/biloop/accounting/backend/reports/views.py changed, reloading.
2026-03-28 21:09:58,266 INFO django.utils.autoreload Watching for file changes with StatReloader
2026-03-28 21:10:04,428 INFO django.utils.autoreload /home/sahee/biloop/accounting/backend/reports/views.py changed, reloading.
2026-03-28 21:10:04,631 INFO django.utils.autoreload Watching for file changes with StatReloader
2026-03-28 22:12:20,359 INFO django.utils.autoreload Watching for file changes with StatReloader
2026-03-28 22:17:16,450 INFO django.utils.autoreload /home/sahee/biloop/accounting/backend/accounting_project/settings/__init__.py changed, reloading.
2026-03-28 22:17:16,840 INFO django.utils.autoreload Watching for file changes with StatReloader
2026-03-28 22:17:20,492 INFO django.utils.autoreload /home/sahee/biloop/accounting/backend/accounting_project/wsgi.py changed, reloading.
2026-03-28 22:17:20,760 INFO django.utils.autoreload Watching for file changes with StatReloader
2026-03-28 22:19:02,057 INFO django.utils.autoreload /home/sahee/biloop/accounting/backend/manage.py changed, reloading.
2026-03-28 22:19:02,345 INFO django.utils.autoreload Watching for file changes with StatReloader
